Nível Territorial (Código),Nível Territorial,Unidade de Medida (Código),Unidade de Medida,Valor,Grande Região (Código),Grande Região,Ano (Código),Ano,Variável (Código),Variável,Sexo (Código),Sexo,Nível de instrução (Código),Nível de instrução
2,Grande Região,1572,Mil pessoas,8931,1,Norte,2016,2016,1643,Pessoas de 25 anos ou mais de idade,6794,Total,120704,Total
2,Grande Região,1572,Mil pessoas,4092,1,Norte,2016,2016,1643,Pessoas de 25 anos ou mais de idade,6794,Total,11627,Sem instrução e fundamental incompleto ou equivalente
2,Grande Região,1572,Mil pessoas,1161,1,Norte,2016,2016,1643,Pessoas de 25 anos ou mais de idade,6794,Total,48134,Fundamental completo e médio incompleto ou equivalente
2,Grande Região,1572,Mil pessoas,2694,1,Norte,2016,2016,1643,Pessoas de 25 anos ou mais de idade,6794,Total,48135,Médio completo ou equivalente e superior incompleto
2,Grande Região,1572,Mil pessoas,984,1,Norte,2016,2016,1643,Pessoas de 25 anos ou mais de idade,6794,Total,99713,Superior completo
2,Grande Região,1572,Mil pessoas,4408,1,Norte,2016,2016,1643,Pessoas de 25 anos ou mais de idade,4,Homens,120704,Total
2,Grande Região,1572,Mil pessoas,2207,1,Norte,2016,2016,1643,Pessoas de 25 anos ou mais de idade,4,Homens,11627,Sem instrução e fundamental incompleto ou equivalente
2,Grande Região,1572,Mil pessoas,575,1,Norte,2016,2016,1643,Pessoas de 25 anos ou mais de idade,4,Homens,48134,Fundamental completo e médio incompleto ou equivalente
2,Grande Região,1572,Mil pessoas,1238,1,Norte,2016,2016,1643,Pessoas de 25 anos ou mais de idade,4,Homens,48135,Médio completo ou equivalente e superior incompleto
2,Grande Região,1572,Mil pessoas,387,1,Norte,2016,2016,1643,Pessoas de 25 anos ou mais de idade,4,Homens,99713,Superior completo
2,Grande Região,1572,Mil pessoas,4523,1,Norte,2016,2016,1643,Pessoas de 25 anos ou mais de idade,5,Mulheres,120704,Total
2,Grande Região,1572,Mil pessoas,1886,1,Norte,2016,2016,1643,Pessoas de 25 anos ou mais de idade,5,Mulheres,11627,Sem instrução e fundamental incompleto ou equivalente
2,Grande Região,1572,Mil pessoas,585,1,Norte,2016,2016,1643,Pessoas de 25 anos ou mais de idade,5,Mulheres,48134,Fundamental completo e médio incompleto ou equivalente
2,Grande Região,1572,Mil pessoas,1456,1,Norte,2016,2016,1643,Pessoas de 25 anos ou mais de idade,5,Mulheres,48135,Médio completo ou equivalente e superior incompleto
2,Grande Região,1572,Mil pessoas,596,1,Norte,2016,2016,1643,Pessoas de 25 anos ou mais de idade,5,Mulheres,99713,Superior completo
2,Grande Região,2,%,0.5,1,Norte,2016,2016,10269,Coeficiente de variação - Pessoas de 25 anos ou mais de idade,6794,Total,120704,Total
2,Grande Região,2,%,1.1,1,Norte,2016,2016,10269,Coeficiente de variação - Pessoas de 25 anos ou mais de idade,6794,Total,11627,Sem instrução e fundamental incompleto ou equivalente
2,Grande Região,2,%,1.9,1,Norte,2016,2016,10269,Coeficiente de variação - Pessoas de 25 anos ou mais de idade,6794,Total,48134,Fundamental completo e médio incompleto ou equivalente
2,Grande Região,2,%,1.4,1,Norte,2016,2016,10269,Coeficiente de variação - Pessoas de 25 anos ou mais de idade,6794,Total,48135,Médio completo ou equivalente e superior incompleto
2,Grande Região,2,%,3.5,1,Norte,2016,2016,10269,Coeficiente de variação - Pessoas de 25 anos ou mais de idade,6794,Total,99713,Superior completo
2,Grande Região,2,%,0.6,1,Norte,2016,2016,10269,Coeficiente de variação - Pessoas de 25 anos ou mais de idade,4,Homens,120704,Total
2,Grande Região,2,%,1.2,1,Norte,2016,2016,10269,Coeficiente de variação - Pessoas de 25 anos ou mais de idade,4,Homens,11627,Sem instrução e fundamental incompleto ou equivalente
2,Grande Região,2,%,2.6,1,Norte,2016,2016,10269,Coeficiente de variação - Pessoas de 25 anos ou mais de idade,4,Homens,48134,Fundamental completo e médio incompleto ou equivalente
2,Grande Região,2,%,1.7,1,Norte,2016,2016,10269,Coeficiente de variação - Pessoas de 25 anos ou mais de idade,4,Homens,48135,Médio completo ou equivalente e superior incompleto
2,Grande Região,2,%,4.3,1,Norte,2016,2016,10269,Coeficiente de variação - Pessoas de 25 anos ou mais de idade,4,Homens,99713,Superior completo
2,Grande Região,2,%,0.6,1,Norte,2016,2016,10269,Coeficiente de variação - Pessoas de 25 anos ou mais de idade,5,Mulheres,120704,Total
2,Grande Região,2,%,1.3,1,Norte,2016,2016,10269,Coeficiente de variação - Pessoas de 25 anos ou mais de idade,5,Mulheres,11627,Sem instrução e fundamental incompleto ou equivalente
2,Grande Região,2,%,2.6,1,Norte,2016,2016,10269,Coeficiente de variação - Pessoas de 25 anos ou mais de idade,5,Mulheres,48134,Fundamental completo e médio incompleto ou equivalente
2,Grande Região,2,%,1.6,1,Norte,2016,2016,10269,Coeficiente de variação - Pessoas de 25 anos ou mais de idade,5,Mulheres,48135,Médio completo ou equivalente e superior incompleto
2,Grande Região,2,%,3.5,1,Norte,2016,2016,10269,Coeficiente de variação - Pessoas de 25 anos ou mais de idade,5,Mulheres,99713,Superior completo
2,Grande Região,2,%,100,1,Norte,2016,2016,10270,Distribuição percentual das pessoas de 25 anos ou mais de idade,6794,Total,120704,Total
2,Grande Região,2,%,45.8,1,Norte,2016,2016,10270,Distribuição percentual das pessoas de 25 anos ou mais de idade,6794,Total,11627,Sem instrução e fundamental incompleto ou equivalente
2,Grande Região,2,%,13,1,Norte,2016,2016,10270,Distribuição percentual das pessoas de 25 anos ou mais de idade,6794,Total,48134,Fundamental completo e médio incompleto ou equivalente
2,Grande Região,2,%,30.2,1,Norte,2016,2016,10270,Distribuição percentual das pessoas de 25 anos ou mais de idade,6794,Total,48135,Médio completo ou equivalente e superior incompleto
2,Grande Região,2,%,11,1,Norte,2016,2016,10270,Distribuição percentual das pessoas de 25 anos ou mais de idade,6794,Total,99713,Superior completo
2,Grande Região,2,%,100,1,Norte,2016,2016,10270,Distribuição percentual das pessoas de 25 anos ou mais de idade,4,Homens,120704,Total
2,Grande Região,2,%,50.1,1,Norte,2016,2016,10270,Distribuição percentual das pessoas de 25 anos ou mais de idade,4,Homens,11627,Sem instrução e fundamental incompleto ou equivalente
2,Grande Região,2,%,13.1,1,Norte,2016,2016,10270,Distribuição percentual das pessoas de 25 anos ou mais de idade,4,Homens,48134,Fundamental completo e médio incompleto ou equivalente
2,Grande Região,2,%,28.1,1,Norte,2016,2016,10270,Distribuição percentual das pessoas de 25 anos ou mais de idade,4,Homens,48135,Médio completo ou equivalente e superior incompleto
2,Grande Região,2,%,8.8,1,Norte,2016,2016,10270,Distribuição percentual das pessoas de 25 anos ou mais de idade,4,Homens,99713,Superior completo
2,Grande Região,2,%,100,1,Norte,2016,2016,10270,Distribuição percentual das pessoas de 25 anos ou mais de idade,5,Mulheres,120704,Total
2,Grande Região,2,%,41.7,1,Norte,2016,2016,10270,Distribuição percentual das pessoas de 25 anos ou mais de idade,5,Mulheres,11627,Sem instrução e fundamental incompleto ou equivalente
2,Grande Região,2,%,12.9,1,Norte,2016,2016,10270,Distribuição percentual das pessoas de 25 anos ou mais de idade,5,Mulheres,48134,Fundamental completo e médio incompleto ou equivalente
2,Grande Região,2,%,32.2,1,Norte,2016,2016,10270,Distribuição percentual das pessoas de 25 anos ou mais de idade,5,Mulheres,48135,Médio completo ou equivalente e superior incompleto
2,Grande Região,2,%,13.2,1,Norte,2016,2016,10270,Distribuição percentual das pessoas de 25 anos ou mais de idade,5,Mulheres,99713,Superior completo
2,Grande Região,2,%,,1,Norte,2016,2016,10271,Coeficiente de variação - Distribuição percentual das pessoas de 25 anos ou mais de idade,6794,Total,120704,Total
2,Grande Região,2,%,1.1,1,Norte,2016,2016,10271,Coeficiente de variação - Distribuição percentual das pessoas de 25 anos ou mais de idade,6794,Total,11627,Sem instrução e fundamental incompleto ou equivalente
2,Grande Região,2,%,2,1,Norte,2016,2016,10271,Coeficiente de variação - Distribuição percentual das pessoas de 25 anos ou mais de idade,6794,Total,48134,Fundamental completo e médio incompleto ou equivalente
2,Grande Região,2,%,1.2,1,Norte,2016,2016,10271,Coeficiente de variação - Distribuição percentual das pessoas de 25 anos ou mais de idade,6794,Total,48135,Médio completo ou equivalente e superior incompleto
2,Grande Região,2,%,3.3,1,Norte,2016,2016,10271,Coeficiente de variação - Distribuição percentual das pessoas de 25 anos ou mais de idade,6794,Total,99713,Superior completo
2,Grande Região,2,%,,1,Norte,2016,2016,10271,Coeficiente de variação - Distribuição percentual das pessoas de 25 anos ou mais de idade,4,Homens,120704,Total
2,Grande Região,2,%,1.2,1,Norte,2016,2016,10271,Coeficiente de variação - Distribuição percentual das pessoas de 25 anos ou mais de idade,4,Homens,11627,Sem instrução e fundamental incompleto ou equivalente
2,Grande Região,2,%,2.5,1,Norte,2016,2016,10271,Coeficiente de variação - Distribuição percentual das pessoas de 25 anos ou mais de idade,4,Homens,48134,Fundamental completo e médio incompleto ou equivalente
2,Grande Região,2,%,1.5,1,Norte,2016,2016,10271,Coeficiente de variação - Distribuição percentual das pessoas de 25 anos ou mais de idade,4,Homens,48135,Médio completo ou equivalente e superior incompleto
2,Grande Região,2,%,4.1,1,Norte,2016,2016,10271,Coeficiente de variação - Distribuição percentual das pessoas de 25 anos ou mais de idade,4,Homens,99713,Superior completo
2,Grande Região,2,%,,1,Norte,2016,2016,10271,Coeficiente de variação - Distribuição percentual das pessoas de 25 anos ou mais de idade,5,Mulheres,120704,Total
2,Grande Região,2,%,1.3,1,Norte,2016,2016,10271,Coeficiente de variação - Distribuição percentual das pessoas de 25 anos ou mais de idade,5,Mulheres,11627,Sem instrução e fundamental incompleto ou equivalente
2,Grande Região,2,%,2.7,1,Norte,2016,2016,10271,Coeficiente de variação - Distribuição percentual das pessoas de 25 anos ou mais de idade,5,Mulheres,48134,Fundamental completo e médio incompleto ou equivalente
2,Grande Região,2,%,1.4,1,Norte,2016,2016,10271,Coeficiente de variação - Distribuição percentual das pessoas de 25 anos ou mais de idade,5,Mulheres,48135,Médio completo ou equivalente e superior incompleto
2,Grande Região,2,%,3.4,1,Norte,2016,2016,10271,Coeficiente de variação - Distribuição percentual das pessoas de 25 anos ou mais de idade,5,Mulheres,99713,Superior completo
2,Grande Região,1572,Mil pessoas,9198,1,Norte,2017,2017,1643,Pessoas de 25 anos ou mais de idade,6794,Total,120704,Total
2,Grande Região,1572,Mil pessoas,4071,1,Norte,2017,2017,1643,Pessoas de 25 anos ou mais de idade,6794,Total,11627,Sem instrução e fundamental incompleto ou equivalente
2,Grande Região,1572,Mil pessoas,1198,1,Norte,2017,2017,1643,Pessoas de 25 anos ou mais de idade,6794,Total,48134,Fundamental completo e médio incompleto ou equivalente
2,Grande Região,1572,Mil pessoas,2867,1,Norte,2017,2017,1643,Pessoas de 25 anos ou mais de idade,6794,Total,48135,Médio completo ou equivalente e superior incompleto
2,Grande Região,1572,Mil pessoas,1063,1,Norte,2017,2017,1643,Pessoas de 25 anos ou mais de idade,6794,Total,99713,Superior completo
2,Grande Região,1572,Mil pessoas,4510,1,Norte,2017,2017,1643,Pessoas de 25 anos ou mais de idade,4,Homens,120704,Total
2,Grande Região,1572,Mil pessoas,2187,1,Norte,2017,2017,1643,Pessoas de 25 anos ou mais de idade,4,Homens,11627,Sem instrução e fundamental incompleto ou equivalente
2,Grande Região,1572,Mil pessoas,610,1,Norte,2017,2017,1643,Pessoas de 25 anos ou mais de idade,4,Homens,48134,Fundamental completo e médio incompleto ou equivalente
2,Grande Região,1572,Mil pessoas,1307,1,Norte,2017,2017,1643,Pessoas de 25 anos ou mais de idade,4,Homens,48135,Médio completo ou equivalente e superior incompleto
2,Grande Região,1572,Mil pessoas,406,1,Norte,2017,2017,1643,Pessoas de 25 anos ou mais de idade,4,Homens,99713,Superior completo
2,Grande Região,1572,Mil pessoas,4689,1,Norte,2017,2017,1643,Pessoas de 25 anos ou mais de idade,5,Mulheres,120704,Total
2,Grande Região,1572,Mil pessoas,1884,1,Norte,2017,2017,1643,Pessoas de 25 anos ou mais de idade,5,Mulheres,11627,Sem instrução e fundamental incompleto ou equivalente
2,Grande Região,1572,Mil pessoas,588,1,Norte,2017,2017,1643,Pessoas de 25 anos ou mais de idade,5,Mulheres,48134,Fundamental completo e médio incompleto ou equivalente
2,Grande Região,1572,Mil pessoas,1560,1,Norte,2017,2017,1643,Pessoas de 25 anos ou mais de idade,5,Mulheres,48135,Médio completo ou equivalente e superior incompleto
2,Grande Região,1572,Mil pessoas,657,1,Norte,2017,2017,1643,Pessoas de 25 anos ou mais de idade,5,Mulheres,99713,Superior completo
2,Grande Região,2,%,0.5,1,Norte,2017,2017,10269,Coeficiente de variação - Pessoas de 25 anos ou mais de idade,6794,Total,120704,Total
2,Grande Região,2,%,1,1,Norte,2017,2017,10269,Coeficiente de variação - Pessoas de 25 anos ou mais de idade,6794,Total,11627,Sem instrução e fundamental incompleto ou equivalente
2,Grande Região,2,%,2,1,Norte,2017,2017,10269,Coeficiente de variação - Pessoas de 25 anos ou mais de idade,6794,Total,48134,Fundamental completo e médio incompleto ou equivalente
2,Grande Região,2,%,1.4,1,Norte,2017,2017,10269,Coeficiente de variação - Pessoas de 25 anos ou mais de idade,6794,Total,48135,Médio completo ou equivalente e superior incompleto
2,Grande Região,2,%,3.4,1,Norte,2017,2017,10269,Coeficiente de variação - Pessoas de 25 anos ou mais de idade,6794,Total,99713,Superior completo
2,Grande Região,2,%,0.6,1,Norte,2017,2017,10269,Coeficiente de variação - Pessoas de 25 anos ou mais de idade,4,Homens,120704,Total
2,Grande Região,2,%,1.2,1,Norte,2017,2017,10269,Coeficiente de variação - Pessoas de 25 anos ou mais de idade,4,Homens,11627,Sem instrução e fundamental incompleto ou equivalente
2,Grande Região,2,%,2.5,1,Norte,2017,2017,10269,Coeficiente de variação - Pessoas de 25 anos ou mais de idade,4,Homens,48134,Fundamental completo e médio incompleto ou equivalente
2,Grande Região,2,%,1.8,1,Norte,2017,2017,10269,Coeficiente de variação - Pessoas de 25 anos ou mais de idade,4,Homens,48135,Médio completo ou equivalente e superior incompleto
2,Grande Região,2,%,4.1,1,Norte,2017,2017,10269,Coeficiente de variação - Pessoas de 25 anos ou mais de idade,4,Homens,99713,Superior completo
2,Grande Região,2,%,0.6,1,Norte,2017,2017,10269,Coeficiente de variação - Pessoas de 25 anos ou mais de idade,5,Mulheres,120704,Total
2,Grande Região,2,%,1.3,1,Norte,2017,2017,10269,Coeficiente de variação - Pessoas de 25 anos ou mais de idade,5,Mulheres,11627,Sem instrução e fundamental incompleto ou equivalente
2,Grande Região,2,%,2.6,1,Norte,2017,2017,10269,Coeficiente de variação - Pessoas de 25 anos ou mais de idade,5,Mulheres,48134,Fundamental completo e médio incompleto ou equivalente
2,Grande Região,2,%,1.6,1,Norte,2017,2017,10269,Coeficiente de variação - Pessoas de 25 anos ou mais de idade,5,Mulheres,48135,Médio completo ou equivalente e superior incompleto
2,Grande Região,2,%,3.3,1,Norte,2017,2017,10269,Coeficiente de variação - Pessoas de 25 anos ou mais de idade,5,Mulheres,99713,Superior completo
2,Grande Região,2,%,100,1,Norte,2017,2017,10270,Distribuição percentual das pessoas de 25 anos ou mais de idade,6794,Total,120704,Total
2,Grande Região,2,%,44.3,1,Norte,2017,2017,10270,Distribuição percentual das pessoas de 25 anos ou mais de idade,6794,Total,11627,Sem instrução e fundamental incompleto ou equivalente
2,Grande Região,2,%,13,1,Norte,2017,2017,10270,Distribuição percentual das pessoas de 25 anos ou mais de idade,6794,Total,48134,Fundamental completo e médio incompleto ou equivalente
2,Grande Região,2,%,31.2,1,Norte,2017,2017,10270,Distribuição percentual das pessoas de 25 anos ou mais de idade,6794,Total,48135,Médio completo ou equivalente e superior incompleto
2,Grande Região,2,%,11.6,1,Norte,2017,2017,10270,Distribuição percentual das pessoas de 25 anos ou mais de idade,6794,Total,99713,Superior completo
2,Grande Região,2,%,100,1,Norte,2017,2017,10270,Distribuição percentual das pessoas de 25 anos ou mais de idade,4,Homens,120704,Total
2,Grande Região,2,%,48.5,1,Norte,2017,2017,10270,Distribuição percentual das pessoas de 25 anos ou mais de idade,4,Homens,11627,Sem instrução e fundamental incompleto ou equivalente
2,Grande Região,2,%,13.5,1,Norte,2017,2017,10270,Distribuição percentual das pessoas de 25 anos ou mais de idade,4,Homens,48134,Fundamental completo e médio incompleto ou equivalente
2,Grande Região,2,%,29,1,Norte,2017,2017,10270,Distribuição percentual das pessoas de 25 anos ou mais de idade,4,Homens,48135,Médio completo ou equivalente e superior incompleto
2,Grande Região,2,%,9,1,Norte,2017,2017,10270,Distribuição percentual das pessoas de 25 anos ou mais de idade,4,Homens,99713,Superior completo
2,Grande Região,2,%,100,1,Norte,2017,2017,10270,Distribuição percentual das pessoas de 25 anos ou mais de idade,5,Mulheres,120704,Total
2,Grande Região,2,%,40.2,1,Norte,2017,2017,10270,Distribuição percentual das pessoas de 25 anos ou mais de idade,5,Mulheres,11627,Sem instrução e fundamental incompleto ou equivalente
2,Grande Região,2,%,12.5,1,Norte,2017,2017,10270,Distribuição percentual das pessoas de 25 anos ou mais de idade,5,Mulheres,48134,Fundamental completo e médio incompleto ou equivalente
2,Grande Região,2,%,33.3,1,Norte,2017,2017,10270,Distribuição percentual das pessoas de 25 anos ou mais de idade,5,Mulheres,48135,Médio completo ou equivalente e superior incompleto
2,Grande Região,2,%,14,1,Norte,2017,2017,10270,Distribuição percentual das pessoas de 25 anos ou mais de idade,5,Mulheres,99713,Superior completo
2,Grande Região,2,%,,1,Norte,2017,2017,10271,Coeficiente de variação - Distribuição percentual das pessoas de 25 anos ou mais de idade,6794,Total,120704,Total
2,Grande Região,2,%,1.1,1,Norte,2017,2017,10271,Coeficiente de variação - Distribuição percentual das pessoas de 25 anos ou mais de idade,6794,Total,11627,Sem instrução e fundamental incompleto ou equivalente
2,Grande Região,2,%,2,1,Norte,2017,2017,10271,Coeficiente de variação - Distribuição percentual das pessoas de 25 anos ou mais de idade,6794,Total,48134,Fundamental completo e médio incompleto ou equivalente
2,Grande Região,2,%,1.3,1,Norte,2017,2017,10271,Coeficiente de variação - Distribuição percentual das pessoas de 25 anos ou mais de idade,6794,Total,48135,Médio completo ou equivalente e superior incompleto
2,Grande Região,2,%,3.1,1,Norte,2017,2017,10271,Coeficiente de variação - Distribuição percentual das pessoas de 25 anos ou mais de idade,6794,Total,99713,Superior completo
2,Grande Região,2,%,,1,Norte,2017,2017,10271,Coeficiente de variação - Distribuição percentual das pessoas de 25 anos ou mais de idade,4,Homens,120704,Total
2,Grande Região,2,%,1.1,1,Norte,2017,2017,10271,Coeficiente de variação - Distribuição percentual das pessoas de 25 anos ou mais de idade,4,Homens,11627,Sem instrução e fundamental incompleto ou equivalente
2,Grande Região,2,%,2.5,1,Norte,2017,2017,10271,Coeficiente de variação - Distribuição percentual das pessoas de 25 anos ou mais de idade,4,Homens,48134,Fundamental completo e médio incompleto ou equivalente
2,Grande Região,2,%,1.8,1,Norte,2017,2017,10271,Coeficiente de variação - Distribuição percentual das pessoas de 25 anos ou mais de idade,4,Homens,48135,Médio completo ou equivalente e superior incompleto
2,Grande Região,2,%,3.9,1,Norte,2017,2017,10271,Coeficiente de variação - Distribuição percentual das pessoas de 25 anos ou mais de idade,4,Homens,99713,Superior completo
2,Grande Região,2,%,,1,Norte,2017,2017,10271,Coeficiente de variação - Distribuição percentual das pessoas de 25 anos ou mais de idade,5,Mulheres,120704,Total
2,Grande Região,2,%,1.3,1,Norte,2017,2017,10271,Coeficiente de variação - Distribuição percentual das pessoas de 25 anos ou mais de idade,5,Mulheres,11627,Sem instrução e fundamental incompleto ou equivalente
2,Grande Região,2,%,2.6,1,Norte,2017,2017,10271,Coeficiente de variação - Distribuição percentual das pessoas de 25 anos ou mais de idade,5,Mulheres,48134,Fundamental completo e médio incompleto ou equivalente
2,Grande Região,2,%,1.4,1,Norte,2017,2017,10271,Coeficiente de variação - Distribuição percentual das pessoas de 25 anos ou mais de idade,5,Mulheres,48135,Médio completo ou equivalente e superior incompleto
2,Grande Região,2,%,3.1,1,Norte,2017,2017,10271,Coeficiente de variação - Distribuição percentual das pessoas de 25 anos ou mais de idade,5,Mulheres,99713,Superior completo
2,Grande Região,1572,Mil pessoas,9532,1,Norte,2018,2018,1643,Pessoas de 25 anos ou mais de idade,6794,Total,120704,Total
2,Grande Região,1572,Mil pessoas,4110,1,Norte,2018,2018,1643,Pessoas de 25 anos ou mais de idade,6794,Total,11627,Sem instrução e fundamental incompleto ou equivalente
2,Grande Região,1572,Mil pessoas,1194,1,Norte,2018,2018,1643,Pessoas de 25 anos ou mais de idade,6794,Total,48134,Fundamental completo e médio incompleto ou equivalente
2,Grande Região,1572,Mil pessoas,3005,1,Norte,2018,2018,1643,Pessoas de 25 anos ou mais de idade,6794,Total,48135,Médio completo ou equivalente e superior incompleto
2,Grande Região,1572,Mil pessoas,1222,1,Norte,2018,2018,1643,Pessoas de 25 anos ou mais de idade,6794,Total,99713,Superior completo
2,Grande Região,1572,Mil pessoas,4730,1,Norte,2018,2018,1643,Pessoas de 25 anos ou mais de idade,4,Homens,120704,Total
2,Grande Região,1572,Mil pessoas,2213,1,Norte,2018,2018,1643,Pessoas de 25 anos ou mais de idade,4,Homens,11627,Sem instrução e fundamental incompleto ou equivalente
2,Grande Região,1572,Mil pessoas,622,1,Norte,2018,2018,1643,Pessoas de 25 anos ou mais de idade,4,Homens,48134,Fundamental completo e médio incompleto ou equivalente
2,Grande Região,1572,Mil pessoas,1418,1,Norte,2018,2018,1643,Pessoas de 25 anos ou mais de idade,4,Homens,48135,Médio completo ou equivalente e superior incompleto
2,Grande Região,1572,Mil pessoas,478,1,Norte,2018,2018,1643,Pessoas de 25 anos ou mais de idade,4,Homens,99713,Superior completo
2,Grande Região,1572,Mil pessoas,4802,1,Norte,2018,2018,1643,Pessoas de 25 anos ou mais de idade,5,Mulheres,120704,Total
2,Grande Região,1572,Mil pessoas,1898,1,Norte,2018,2018,1643,Pessoas de 25 anos ou mais de idade,5,Mulheres,11627,Sem instrução e fundamental incompleto ou equivalente
2,Grande Região,1572,Mil pessoas,572,1,Norte,2018,2018,1643,Pessoas de 25 anos ou mais de idade,5,Mulheres,48134,Fundamental completo e médio incompleto ou equivalente
2,Grande Região,1572,Mil pessoas,1587,1,Norte,2018,2018,1643,Pessoas de 25 anos ou mais de idade,5,Mulheres,48135,Médio completo ou equivalente e superior incompleto
2,Grande Região,1572,Mil pessoas,744,1,Norte,2018,2018,1643,Pessoas de 25 anos ou mais de idade,5,Mulheres,99713,Superior completo
2,Grande Região,2,%,0.5,1,Norte,2018,2018,10269,Coeficiente de variação - Pessoas de 25 anos ou mais de idade,6794,Total,120704,Total
2,Grande Região,2,%,1.2,1,Norte,2018,2018,10269,Coeficiente de variação - Pessoas de 25 anos ou mais de idade,6794,Total,11627,Sem instrução e fundamental incompleto ou equivalente
2,Grande Região,2,%,2.1,1,Norte,2018,2018,10269,Coeficiente de variação - Pessoas de 25 anos ou mais de idade,6794,Total,48134,Fundamental completo e médio incompleto ou equivalente
2,Grande Região,2,%,1.5,1,Norte,2018,2018,10269,Coeficiente de variação - Pessoas de 25 anos ou mais de idade,6794,Total,48135,Médio completo ou equivalente e superior incompleto
2,Grande Região,2,%,3.4,1,Norte,2018,2018,10269,Coeficiente de variação - Pessoas de 25 anos ou mais de idade,6794,Total,99713,Superior completo
2,Grande Região,2,%,0.6,1,Norte,2018,2018,10269,Coeficiente de variação - Pessoas de 25 anos ou mais de idade,4,Homens,120704,Total
2,Grande Região,2,%,1.4,1,Norte,2018,2018,10269,Coeficiente de variação - Pessoas de 25 anos ou mais de idade,4,Homens,11627,Sem instrução e fundamental incompleto ou equivalente
2,Grande Região,2,%,2.7,1,Norte,2018,2018,10269,Coeficiente de variação - Pessoas de 25 anos ou mais de idade,4,Homens,48134,Fundamental completo e médio incompleto ou equivalente
2,Grande Região,2,%,1.8,1,Norte,2018,2018,10269,Coeficiente de variação - Pessoas de 25 anos ou mais de idade,4,Homens,48135,Médio completo ou equivalente e superior incompleto
2,Grande Região,2,%,4.4,1,Norte,2018,2018,10269,Coeficiente de variação - Pessoas de 25 anos ou mais de idade,4,Homens,99713,Superior completo
2,Grande Região,2,%,0.6,1,Norte,2018,2018,10269,Coeficiente de variação - Pessoas de 25 anos ou mais de idade,5,Mulheres,120704,Total
2,Grande Região,2,%,1.4,1,Norte,2018,2018,10269,Coeficiente de variação - Pessoas de 25 anos ou mais de idade,5,Mulheres,11627,Sem instrução e fundamental incompleto ou equivalente
2,Grande Região,2,%,2.7,1,Norte,2018,2018,10269,Coeficiente de variação - Pessoas de 25 anos ou mais de idade,5,Mulheres,48134,Fundamental completo e médio incompleto ou equivalente
2,Grande Região,2,%,1.7,1,Norte,2018,2018,10269,Coeficiente de variação - Pessoas de 25 anos ou mais de idade,5,Mulheres,48135,Médio completo ou equivalente e superior incompleto
2,Grande Região,2,%,3.3,1,Norte,2018,2018,10269,Coeficiente de variação - Pessoas de 25 anos ou mais de idade,5,Mulheres,99713,Superior completo
2,Grande Região,2,%,100,1,Norte,2018,2018,10270,Distribuição percentual das pessoas de 25 anos ou mais de idade,6794,Total,120704,Total
2,Grande Região,2,%,43.1,1,Norte,2018,2018,10270,Distribuição percentual das pessoas de 25 anos ou mais de idade,6794,Total,11627,Sem instrução e fundamental incompleto ou equivalente
2,Grande Região,2,%,12.5,1,Norte,2018,2018,10270,Distribuição percentual das pessoas de 25 anos ou mais de idade,6794,Total,48134,Fundamental completo e médio incompleto ou equivalente
2,Grande Região,2,%,31.5,1,Norte,2018,2018,10270,Distribuição percentual das pessoas de 25 anos ou mais de idade,6794,Total,48135,Médio completo ou equivalente e superior incompleto
2,Grande Região,2,%,12.8,1,Norte,2018,2018,10270,Distribuição percentual das pessoas de 25 anos ou mais de idade,6794,Total,99713,Superior completo
2,Grande Região,2,%,100,1,Norte,2018,2018,10270,Distribuição percentual das pessoas de 25 anos ou mais de idade,4,Homens,120704,Total
2,Grande Região,2,%,46.8,1,Norte,2018,2018,10270,Distribuição percentual das pessoas de 25 anos ou mais de idade,4,Homens,11627,Sem instrução e fundamental incompleto ou equivalente
2,Grande Região,2,%,13.1,1,Norte,2018,2018,10270,Distribuição percentual das pessoas de 25 anos ou mais de idade,4,Homens,48134,Fundamental completo e médio incompleto ou equivalente
2,Grande Região,2,%,30,1,Norte,2018,2018,10270,Distribuição percentual das pessoas de 25 anos ou mais de idade,4,Homens,48135,Médio completo ou equivalente e superior incompleto
2,Grande Região,2,%,10.1,1,Norte,2018,2018,10270,Distribuição percentual das pessoas de 25 anos ou mais de idade,4,Homens,99713,Superior completo
2,Grande Região,2,%,100,1,Norte,2018,2018,10270,Distribuição percentual das pessoas de 25 anos ou mais de idade,5,Mulheres,120704,Total
2,Grande Região,2,%,39.5,1,Norte,2018,2018,10270,Distribuição percentual das pessoas de 25 anos ou mais de idade,5,Mulheres,11627,Sem instrução e fundamental incompleto ou equivalente
2,Grande Região,2,%,11.9,1,Norte,2018,2018,10270,Distribuição percentual das pessoas de 25 anos ou mais de idade,5,Mulheres,48134,Fundamental completo e médio incompleto ou equivalente
2,Grande Região,2,%,33.1,1,Norte,2018,2018,10270,Distribuição percentual das pessoas de 25 anos ou mais de idade,5,Mulheres,48135,Médio completo ou equivalente e superior incompleto
2,Grande Região,2,%,15.5,1,Norte,2018,2018,10270,Distribuição percentual das pessoas de 25 anos ou mais de idade,5,Mulheres,99713,Superior completo
2,Grande Região,2,%,,1,Norte,2018,2018,10271,Coeficiente de variação - Distribuição percentual das pessoas de 25 anos ou mais de idade,6794,Total,120704,Total
2,Grande Região,2,%,1.2,1,Norte,2018,2018,10271,Coeficiente de variação - Distribuição percentual das pessoas de 25 anos ou mais de idade,6794,Total,11627,Sem instrução e fundamental incompleto ou equivalente
2,Grande Região,2,%,2.1,1,Norte,2018,2018,10271,Coeficiente de variação - Distribuição percentual das pessoas de 25 anos ou mais de idade,6794,Total,48134,Fundamental completo e médio incompleto ou equivalente
2,Grande Região,2,%,1.3,1,Norte,2018,2018,10271,Coeficiente de variação - Distribuição percentual das pessoas de 25 anos ou mais de idade,6794,Total,48135,Médio completo ou equivalente e superior incompleto
2,Grande Região,2,%,3.2,1,Norte,2018,2018,10271,Coeficiente de variação - Distribuição percentual das pessoas de 25 anos ou mais de idade,6794,Total,99713,Superior completo
2,Grande Região,2,%,,1,Norte,2018,2018,10271,Coeficiente de variação - Distribuição percentual das pessoas de 25 anos ou mais de idade,4,Homens,120704,Total
2,Grande Região,2,%,1.4,1,Norte,2018,2018,10271,Coeficiente de variação - Distribuição percentual das pessoas de 25 anos ou mais de idade,4,Homens,11627,Sem instrução e fundamental incompleto ou equivalente
2,Grande Região,2,%,2.5,1,Norte,2018,2018,10271,Coeficiente de variação - Distribuição percentual das pessoas de 25 anos ou mais de idade,4,Homens,48134,Fundamental completo e médio incompleto ou equivalente
2,Grande Região,2,%,1.7,1,Norte,2018,2018,10271,Coeficiente de variação - Distribuição percentual das pessoas de 25 anos ou mais de idade,4,Homens,48135,Médio completo ou equivalente e superior incompleto
2,Grande Região,2,%,4.2,1,Norte,2018,2018,10271,Coeficiente de variação - Distribuição percentual das pessoas de 25 anos ou mais de idade,4,Homens,99713,Superior completo
2,Grande Região,2,%,,1,Norte,2018,2018,10271,Coeficiente de variação - Distribuição percentual das pessoas de 25 anos ou mais de idade,5,Mulheres,120704,Total
2,Grande Região,2,%,1.4,1,Norte,2018,2018,10271,Coeficiente de variação - Distribuição percentual das pessoas de 25 anos ou mais de idade,5,Mulheres,11627,Sem instrução e fundamental incompleto ou equivalente
2,Grande Região,2,%,2.7,1,Norte,2018,2018,10271,Coeficiente de variação - Distribuição percentual das pessoas de 25 anos ou mais de idade,5,Mulheres,48134,Fundamental completo e médio incompleto ou equivalente
2,Grande Região,2,%,1.5,1,Norte,2018,2018,10271,Coeficiente de variação - Distribuição percentual das pessoas de 25 anos ou mais de idade,5,Mulheres,48135,Médio completo ou equivalente e superior incompleto
2,Grande Região,2,%,3.1,1,Norte,2018,2018,10271,Coeficiente de variação - Distribuição percentual das pessoas de 25 anos ou mais de idade,5,Mulheres,99713,Superior completo
2,Grande Região,1572,Mil pessoas,9601,1,Norte,2019,2019,1643,Pessoas de 25 anos ou mais de idade,6794,Total,120704,Total
2,Grande Região,1572,Mil pessoas,3988,1,Norte,2019,2019,1643,Pessoas de 25 anos ou mais de idade,6794,Total,11627,Sem instrução e fundamental incompleto ou equivalente
2,Grande Região,1572,Mil pessoas,1184,1,Norte,2019,2019,1643,Pessoas de 25 anos ou mais de idade,6794,Total,48134,Fundamental completo e médio incompleto ou equivalente
2,Grande Região,1572,Mil pessoas,3149,1,Norte,2019,2019,1643,Pessoas de 25 anos ou mais de idade,6794,Total,48135,Médio completo ou equivalente e superior incompleto
2,Grande Região,1572,Mil pessoas,1281,1,Norte,2019,2019,1643,Pessoas de 25 anos ou mais de idade,6794,Total,99713,Superior completo
2,Grande Região,1572,Mil pessoas,4732,1,Norte,2019,2019,1643,Pessoas de 25 anos ou mais de idade,4,Homens,120704,Total
2,Grande Região,1572,Mil pessoas,2147,1,Norte,2019,2019,1643,Pessoas de 25 anos ou mais de idade,4,Homens,11627,Sem instrução e fundamental incompleto ou equivalente
2,Grande Região,1572,Mil pessoas,613,1,Norte,2019,2019,1643,Pessoas de 25 anos ou mais de idade,4,Homens,48134,Fundamental completo e médio incompleto ou equivalente
2,Grande Região,1572,Mil pessoas,1457,1,Norte,2019,2019,1643,Pessoas de 25 anos ou mais de idade,4,Homens,48135,Médio completo ou equivalente e superior incompleto
2,Grande Região,1572,Mil pessoas,516,1,Norte,2019,2019,1643,Pessoas de 25 anos ou mais de idade,4,Homens,99713,Superior completo
2,Grande Região,1572,Mil pessoas,4868,1,Norte,2019,2019,1643,Pessoas de 25 anos ou mais de idade,5,Mulheres,120704,Total
2,Grande Região,1572,Mil pessoas,1841,1,Norte,2019,2019,1643,Pessoas de 25 anos ou mais de idade,5,Mulheres,11627,Sem instrução e fundamental incompleto ou equivalente
2,Grande Região,1572,Mil pessoas,571,1,Norte,2019,2019,1643,Pessoas de 25 anos ou mais de idade,5,Mulheres,48134,Fundamental completo e médio incompleto ou equivalente
2,Grande Região,1572,Mil pessoas,1692,1,Norte,2019,2019,1643,Pessoas de 25 anos ou mais de idade,5,Mulheres,48135,Médio completo ou equivalente e superior incompleto
2,Grande Região,1572,Mil pessoas,765,1,Norte,2019,2019,1643,Pessoas de 25 anos ou mais de idade,5,Mulheres,99713,Superior completo
2,Grande Região,2,%,0.5,1,Norte,2019,2019,10269,Coeficiente de variação - Pessoas de 25 anos ou mais de idade,6794,Total,120704,Total
2,Grande Região,2,%,1.2,1,Norte,2019,2019,10269,Coeficiente de variação - Pessoas de 25 anos ou mais de idade,6794,Total,11627,Sem instrução e fundamental incompleto ou equivalente
2,Grande Região,2,%,1.9,1,Norte,2019,2019,10269,Coeficiente de variação - Pessoas de 25 anos ou mais de idade,6794,Total,48134,Fundamental completo e médio incompleto ou equivalente
2,Grande Região,2,%,1.3,1,Norte,2019,2019,10269,Coeficiente de variação - Pessoas de 25 anos ou mais de idade,6794,Total,48135,Médio completo ou equivalente e superior incompleto
2,Grande Região,2,%,3.2,1,Norte,2019,2019,10269,Coeficiente de variação - Pessoas de 25 anos ou mais de idade,6794,Total,99713,Superior completo
2,Grande Região,2,%,0.6,1,Norte,2019,2019,10269,Coeficiente de variação - Pessoas de 25 anos ou mais de idade,4,Homens,120704,Total
2,Grande Região,2,%,1.4,1,Norte,2019,2019,10269,Coeficiente de variação - Pessoas de 25 anos ou mais de idade,4,Homens,11627,Sem instrução e fundamental incompleto ou equivalente
2,Grande Região,2,%,2.3,1,Norte,2019,2019,10269,Coeficiente de variação - Pessoas de 25 anos ou mais de idade,4,Homens,48134,Fundamental completo e médio incompleto ou equivalente
2,Grande Região,2,%,1.8,1,Norte,2019,2019,10269,Coeficiente de variação - Pessoas de 25 anos ou mais de idade,4,Homens,48135,Médio completo ou equivalente e superior incompleto
2,Grande Região,2,%,4.1,1,Norte,2019,2019,10269,Coeficiente de variação - Pessoas de 25 anos ou mais de idade,4,Homens,99713,Superior completo
2,Grande Região,2,%,0.6,1,Norte,2019,2019,10269,Coeficiente de variação - Pessoas de 25 anos ou mais de idade,5,Mulheres,120704,Total
2,Grande Região,2,%,1.3,1,Norte,2019,2019,10269,Coeficiente de variação - Pessoas de 25 anos ou mais de idade,5,Mulheres,11627,Sem instrução e fundamental incompleto ou equivalente
2,Grande Região,2,%,2.8,1,Norte,2019,2019,10269,Coeficiente de variação - Pessoas de 25 anos ou mais de idade,5,Mulheres,48134,Fundamental completo e médio incompleto ou equivalente
2,Grande Região,2,%,1.4,1,Norte,2019,2019,10269,Coeficiente de variação - Pessoas de 25 anos ou mais de idade,5,Mulheres,48135,Médio completo ou equivalente e superior incompleto
2,Grande Região,2,%,3.2,1,Norte,2019,2019,10269,Coeficiente de variação - Pessoas de 25 anos ou mais de idade,5,Mulheres,99713,Superior completo
2,Grande Região,2,%,100,1,Norte,2019,2019,10270,Distribuição percentual das pessoas de 25 anos ou mais de idade,6794,Total,120704,Total
2,Grande Região,2,%,41.5,1,Norte,2019,2019,10270,Distribuição percentual das pessoas de 25 anos ou mais de idade,6794,Total,11627,Sem instrução e fundamental incompleto ou equivalente
2,Grande Região,2,%,12.3,1,Norte,2019,2019,10270,Distribuição percentual das pessoas de 25 anos ou mais de idade,6794,Total,48134,Fundamental completo e médio incompleto ou equivalente
2,Grande Região,2,%,32.8,1,Norte,2019,2019,10270,Distribuição percentual das pessoas de 25 anos ou mais de idade,6794,Total,48135,Médio completo ou equivalente e superior incompleto
2,Grande Região,2,%,13.3,1,Norte,2019,2019,10270,Distribuição percentual das pessoas de 25 anos ou mais de idade,6794,Total,99713,Superior completo
2,Grande Região,2,%,100,1,Norte,2019,2019,10270,Distribuição percentual das pessoas de 25 anos ou mais de idade,4,Homens,120704,Total
2,Grande Região,2,%,45.4,1,Norte,2019,2019,10270,Distribuição percentual das pessoas de 25 anos ou mais de idade,4,Homens,11627,Sem instrução e fundamental incompleto ou equivalente
2,Grande Região,2,%,13,1,Norte,2019,2019,10270,Distribuição percentual das pessoas de 25 anos ou mais de idade,4,Homens,48134,Fundamental completo e médio incompleto ou equivalente
2,Grande Região,2,%,30.8,1,Norte,2019,2019,10270,Distribuição percentual das pessoas de 25 anos ou mais de idade,4,Homens,48135,Médio completo ou equivalente e superior incompleto
2,Grande Região,2,%,10.9,1,Norte,2019,2019,10270,Distribuição percentual das pessoas de 25 anos ou mais de idade,4,Homens,99713,Superior completo
2,Grande Região,2,%,100,1,Norte,2019,2019,10270,Distribuição percentual das pessoas de 25 anos ou mais de idade,5,Mulheres,120704,Total
2,Grande Região,2,%,37.8,1,Norte,2019,2019,10270,Distribuição percentual das pessoas de 25 anos ou mais de idade,5,Mulheres,11627,Sem instrução e fundamental incompleto ou equivalente
2,Grande Região,2,%,11.7,1,Norte,2019,2019,10270,Distribuição percentual das pessoas de 25 anos ou mais de idade,5,Mulheres,48134,Fundamental completo e médio incompleto ou equivalente
2,Grande Região,2,%,34.7,1,Norte,2019,2019,10270,Distribuição percentual das pessoas de 25 anos ou mais de idade,5,Mulheres,48135,Médio completo ou equivalente e superior incompleto
2,Grande Região,2,%,15.7,1,Norte,2019,2019,10270,Distribuição percentual das pessoas de 25 anos ou mais de idade,5,Mulheres,99713,Superior completo
2,Grande Região,2,%,,1,Norte,2019,2019,10271,Coeficiente de variação - Distribuição percentual das pessoas de 25 anos ou mais de idade,6794,Total,120704,Total
2,Grande Região,2,%,1.2,1,Norte,2019,2019,10271,Coeficiente de variação - Distribuição percentual das pessoas de 25 anos ou mais de idade,6794,Total,11627,Sem instrução e fundamental incompleto ou equivalente
2,Grande Região,2,%,1.9,1,Norte,2019,2019,10271,Coeficiente de variação - Distribuição percentual das pessoas de 25 anos ou mais de idade,6794,Total,48134,Fundamental completo e médio incompleto ou equivalente
2,Grande Região,2,%,1.2,1,Norte,2019,2019,10271,Coeficiente de variação - Distribuição percentual das pessoas de 25 anos ou mais de idade,6794,Total,48135,Médio completo ou equivalente e superior incompleto
2,Grande Região,2,%,3,1,Norte,2019,2019,10271,Coeficiente de variação - Distribuição percentual das pessoas de 25 anos ou mais de idade,6794,Total,99713,Superior completo
2,Grande Região,2,%,,1,Norte,2019,2019,10271,Coeficiente de variação - Distribuição percentual das pessoas de 25 anos ou mais de idade,4,Homens,120704,Total
2,Grande Região,2,%,1.3,1,Norte,2019,2019,10271,Coeficiente de variação - Distribuição percentual das pessoas de 25 anos ou mais de idade,4,Homens,11627,Sem instrução e fundamental incompleto ou equivalente
2,Grande Região,2,%,2.3,1,Norte,2019,2019,10271,Coeficiente de variação - Distribuição percentual das pessoas de 25 anos ou mais de idade,4,Homens,48134,Fundamental completo e médio incompleto ou equivalente
2,Grande Região,2,%,1.7,1,Norte,2019,2019,10271,Coeficiente de variação - Distribuição percentual das pessoas de 25 anos ou mais de idade,4,Homens,48135,Médio completo ou equivalente e superior incompleto
2,Grande Região,2,%,3.9,1,Norte,2019,2019,10271,Coeficiente de variação - Distribuição percentual das pessoas de 25 anos ou mais de idade,4,Homens,99713,Superior completo
2,Grande Região,2,%,,1,Norte,2019,2019,10271,Coeficiente de variação - Distribuição percentual das pessoas de 25 anos ou mais de idade,5,Mulheres,120704,Total
2,Grande Região,2,%,1.3,1,Norte,2019,2019,10271,Coeficiente de variação - Distribuição percentual das pessoas de 25 anos ou mais de idade,5,Mulheres,11627,Sem instrução e fundamental incompleto ou equivalente
2,Grande Região,2,%,2.8,1,Norte,2019,2019,10271,Coeficiente de variação - Distribuição percentual das pessoas de 25 anos ou mais de idade,5,Mulheres,48134,Fundamental completo e médio incompleto ou equivalente
2,Grande Região,2,%,1.3,1,Norte,2019,2019,10271,Coeficiente de variação - Distribuição percentual das pessoas de 25 anos ou mais de idade,5,Mulheres,48135,Médio completo ou equivalente e superior incompleto
2,Grande Região,2,%,2.9,1,Norte,2019,2019,10271,Coeficiente de variação - Distribuição percentual das pessoas de 25 anos ou mais de idade,5,Mulheres,99713,Superior completo
2,Grande Região,1572,Mil pessoas,10245,1,Norte,2022,2022,1643,Pessoas de 25 anos ou mais de idade,6794,Total,120704,Total
2,Grande Região,1572,Mil pessoas,3913,1,Norte,2022,2022,1643,Pessoas de 25 anos ou mais de idade,6794,Total,11627,Sem instrução e fundamental incompleto ou equivalente
2,Grande Região,1572,Mil pessoas,1258,1,Norte,2022,2022,1643,Pessoas de 25 anos ou mais de idade,6794,Total,48134,Fundamental completo e médio incompleto ou equivalente
2,Grande Região,1572,Mil pessoas,3487,1,Norte,2022,2022,1643,Pessoas de 25 anos ou mais de idade,6794,Total,48135,Médio completo ou equivalente e superior incompleto
2,Grande Região,1572,Mil pessoas,1588,1,Norte,2022,2022,1643,Pessoas de 25 anos ou mais de idade,6794,Total,99713,Superior completo
2,Grande Região,1572,Mil pessoas,5021,1,Norte,2022,2022,1643,Pessoas de 25 anos ou mais de idade,4,Homens,120704,Total
2,Grande Região,1572,Mil pessoas,2114,1,Norte,2022,2022,1643,Pessoas de 25 anos ou mais de idade,4,Homens,11627,Sem instrução e fundamental incompleto ou equivalente
2,Grande Região,1572,Mil pessoas,637,1,Norte,2022,2022,1643,Pessoas de 25 anos ou mais de idade,4,Homens,48134,Fundamental completo e médio incompleto ou equivalente
2,Grande Região,1572,Mil pessoas,1650,1,Norte,2022,2022,1643,Pessoas de 25 anos ou mais de idade,4,Homens,48135,Médio completo ou equivalente e superior incompleto
2,Grande Região,1572,Mil pessoas,619,1,Norte,2022,2022,1643,Pessoas de 25 anos ou mais de idade,4,Homens,99713,Superior completo
2,Grande Região,1572,Mil pessoas,5225,1,Norte,2022,2022,1643,Pessoas de 25 anos ou mais de idade,5,Mulheres,120704,Total
2,Grande Região,1572,Mil pessoas,1799,1,Norte,2022,2022,1643,Pessoas de 25 anos ou mais de idade,5,Mulheres,11627,Sem instrução e fundamental incompleto ou equivalente
2,Grande Região,1572,Mil pessoas,620,1,Norte,2022,2022,1643,Pessoas de 25 anos ou mais de idade,5,Mulheres,48134,Fundamental completo e médio incompleto ou equivalente
2,Grande Região,1572,Mil pessoas,1837,1,Norte,2022,2022,1643,Pessoas de 25 anos ou mais de idade,5,Mulheres,48135,Médio completo ou equivalente e superior incompleto
2,Grande Região,1572,Mil pessoas,969,1,Norte,2022,2022,1643,Pessoas de 25 anos ou mais de idade,5,Mulheres,99713,Superior completo
2,Grande Região,2,%,0.5,1,Norte,2022,2022,10269,Coeficiente de variação - Pessoas de 25 anos ou mais de idade,6794,Total,120704,Total
2,Grande Região,2,%,1.2,1,Norte,2022,2022,10269,Coeficiente de variação - Pessoas de 25 anos ou mais de idade,6794,Total,11627,Sem instrução e fundamental incompleto ou equivalente
2,Grande Região,2,%,2.2,1,Norte,2022,2022,10269,Coeficiente de variação - Pessoas de 25 anos ou mais de idade,6794,Total,48134,Fundamental completo e médio incompleto ou equivalente
2,Grande Região,2,%,1.3,1,Norte,2022,2022,10269,Coeficiente de variação - Pessoas de 25 anos ou mais de idade,6794,Total,48135,Médio completo ou equivalente e superior incompleto
2,Grande Região,2,%,3.1,1,Norte,2022,2022,10269,Coeficiente de variação - Pessoas de 25 anos ou mais de idade,6794,Total,99713,Superior completo
2,Grande Região,2,%,0.6,1,Norte,2022,2022,10269,Coeficiente de variação - Pessoas de 25 anos ou mais de idade,4,Homens,120704,Total
2,Grande Região,2,%,1.4,1,Norte,2022,2022,10269,Coeficiente de variação - Pessoas de 25 anos ou mais de idade,4,Homens,11627,Sem instrução e fundamental incompleto ou equivalente
2,Grande Região,2,%,2.9,1,Norte,2022,2022,10269,Coeficiente de variação - Pessoas de 25 anos ou mais de idade,4,Homens,48134,Fundamental completo e médio incompleto ou equivalente
2,Grande Região,2,%,1.7,1,Norte,2022,2022,10269,Coeficiente de variação - Pessoas de 25 anos ou mais de idade,4,Homens,48135,Médio completo ou equivalente e superior incompleto
2,Grande Região,2,%,3.7,1,Norte,2022,2022,10269,Coeficiente de variação - Pessoas de 25 anos ou mais de idade,4,Homens,99713,Superior completo
2,Grande Região,2,%,0.6,1,Norte,2022,2022,10269,Coeficiente de variação - Pessoas de 25 anos ou mais de idade,5,Mulheres,120704,Total
2,Grande Região,2,%,1.4,1,Norte,2022,2022,10269,Coeficiente de variação - Pessoas de 25 anos ou mais de idade,5,Mulheres,11627,Sem instrução e fundamental incompleto ou equivalente
2,Grande Região,2,%,2.8,1,Norte,2022,2022,10269,Coeficiente de variação - Pessoas de 25 anos ou mais de idade,5,Mulheres,48134,Fundamental completo e médio incompleto ou equivalente
2,Grande Região,2,%,1.5,1,Norte,2022,2022,10269,Coeficiente de variação - Pessoas de 25 anos ou mais de idade,5,Mulheres,48135,Médio completo ou equivalente e superior incompleto
2,Grande Região,2,%,3.2,1,Norte,2022,2022,10269,Coeficiente de variação - Pessoas de 25 anos ou mais de idade,5,Mulheres,99713,Superior completo
2,Grande Região,2,%,100,1,Norte,2022,2022,10270,Distribuição percentual das pessoas de 25 anos ou mais de idade,6794,Total,120704,Total
2,Grande Região,2,%,38.2,1,Norte,2022,2022,10270,Distribuição percentual das pessoas de 25 anos ou mais de idade,6794,Total,11627,Sem instrução e fundamental incompleto ou equivalente
2,Grande Região,2,%,12.3,1,Norte,2022,2022,10270,Distribuição percentual das pessoas de 25 anos ou mais de idade,6794,Total,48134,Fundamental completo e médio incompleto ou equivalente
2,Grande Região,2,%,34,1,Norte,2022,2022,10270,Distribuição percentual das pessoas de 25 anos ou mais de idade,6794,Total,48135,Médio completo ou equivalente e superior incompleto
2,Grande Região,2,%,15.5,1,Norte,2022,2022,10270,Distribuição percentual das pessoas de 25 anos ou mais de idade,6794,Total,99713,Superior completo
2,Grande Região,2,%,100,1,Norte,2022,2022,10270,Distribuição percentual das pessoas de 25 anos ou mais de idade,4,Homens,120704,Total
2,Grande Região,2,%,42.1,1,Norte,2022,2022,10270,Distribuição percentual das pessoas de 25 anos ou mais de idade,4,Homens,11627,Sem instrução e fundamental incompleto ou equivalente
2,Grande Região,2,%,12.7,1,Norte,2022,2022,10270,Distribuição percentual das pessoas de 25 anos ou mais de idade,4,Homens,48134,Fundamental completo e médio incompleto ou equivalente
2,Grande Região,2,%,32.9,1,Norte,2022,2022,10270,Distribuição percentual das pessoas de 25 anos ou mais de idade,4,Homens,48135,Médio completo ou equivalente e superior incompleto
2,Grande Região,2,%,12.3,1,Norte,2022,2022,10270,Distribuição percentual das pessoas de 25 anos ou mais de idade,4,Homens,99713,Superior completo
2,Grande Região,2,%,100,1,Norte,2022,2022,10270,Distribuição percentual das pessoas de 25 anos ou mais de idade,5,Mulheres,120704,Total
2,Grande Região,2,%,34.4,1,Norte,2022,2022,10270,Distribuição percentual das pessoas de 25 anos ou mais de idade,5,Mulheres,11627,Sem instrução e fundamental incompleto ou equivalente
2,Grande Região,2,%,11.9,1,Norte,2022,2022,10270,Distribuição percentual das pessoas de 25 anos ou mais de idade,5,Mulheres,48134,Fundamental completo e médio incompleto ou equivalente
2,Grande Região,2,%,35.2,1,Norte,2022,2022,10270,Distribuição percentual das pessoas de 25 anos ou mais de idade,5,Mulheres,48135,Médio completo ou equivalente e superior incompleto
2,Grande Região,2,%,18.5,1,Norte,2022,2022,10270,Distribuição percentual das pessoas de 25 anos ou mais de idade,5,Mulheres,99713,Superior completo
2,Grande Região,2,%,,1,Norte,2022,2022,10271,Coeficiente de variação - Distribuição percentual das pessoas de 25 anos ou mais de idade,6794,Total,120704,Total
2,Grande Região,2,%,1.2,1,Norte,2022,2022,10271,Coeficiente de variação - Distribuição percentual das pessoas de 25 anos ou mais de idade,6794,Total,11627,Sem instrução e fundamental incompleto ou equivalente
2,Grande Região,2,%,2.3,1,Norte,2022,2022,10271,Coeficiente de variação - Distribuição percentual das pessoas de 25 anos ou mais de idade,6794,Total,48134,Fundamental completo e médio incompleto ou equivalente
2,Grande Região,2,%,1.2,1,Norte,2022,2022,10271,Coeficiente de variação - Distribuição percentual das pessoas de 25 anos ou mais de idade,6794,Total,48135,Médio completo ou equivalente e superior incompleto
2,Grande Região,2,%,2.9,1,Norte,2022,2022,10271,Coeficiente de variação - Distribuição percentual das pessoas de 25 anos ou mais de idade,6794,Total,99713,Superior completo
2,Grande Região,2,%,,1,Norte,2022,2022,10271,Coeficiente de variação - Distribuição percentual das pessoas de 25 anos ou mais de idade,4,Homens,120704,Total
2,Grande Região,2,%,1.3,1,Norte,2022,2022,10271,Coeficiente de variação - Distribuição percentual das pessoas de 25 anos ou mais de idade,4,Homens,11627,Sem instrução e fundamental incompleto ou equivalente
2,Grande Região,2,%,2.9,1,Norte,2022,2022,10271,Coeficiente de variação - Distribuição percentual das pessoas de 25 anos ou mais de idade,4,Homens,48134,Fundamental completo e médio incompleto ou equivalente
2,Grande Região,2,%,1.6,1,Norte,2022,2022,10271,Coeficiente de variação - Distribuição percentual das pessoas de 25 anos ou mais de idade,4,Homens,48135,Médio completo ou equivalente e superior incompleto
2,Grande Região,2,%,3.6,1,Norte,2022,2022,10271,Coeficiente de variação - Distribuição percentual das pessoas de 25 anos ou mais de idade,4,Homens,99713,Superior completo
2,Grande Região,2,%,,1,Norte,2022,2022,10271,Coeficiente de variação - Distribuição percentual das pessoas de 25 anos ou mais de idade,5,Mulheres,120704,Total
2,Grande Região,2,%,1.4,1,Norte,2022,2022,10271,Coeficiente de variação - Distribuição percentual das pessoas de 25 anos ou mais de idade,5,Mulheres,11627,Sem instrução e fundamental incompleto ou equivalente
2,Grande Região,2,%,2.8,1,Norte,2022,2022,10271,Coeficiente de variação - Distribuição percentual das pessoas de 25 anos ou mais de idade,5,Mulheres,48134,Fundamental completo e médio incompleto ou equivalente
2,Grande Região,2,%,1.4,1,Norte,2022,2022,10271,Coeficiente de variação - Distribuição percentual das pessoas de 25 anos ou mais de idade,5,Mulheres,48135,Médio completo ou equivalente e superior incompleto
2,Grande Região,2,%,3,1,Norte,2022,2022,10271,Coeficiente de variação - Distribuição percentual das pessoas de 25 anos ou mais de idade,5,Mulheres,99713,Superior completo
2,Grande Região,1572,Mil pessoas,10442,1,Norte,2023,2023,1643,Pessoas de 25 anos ou mais de idade,6794,Total,120704,Total
2,Grande Região,1572,Mil pessoas,3856,1,Norte,2023,2023,1643,Pessoas de 25 anos ou mais de idade,6794,Total,11627,Sem instrução e fundamental incompleto ou equivalente
2,Grande Região,1572,Mil pessoas,1282,1,Norte,2023,2023,1643,Pessoas de 25 anos ou mais de idade,6794,Total,48134,Fundamental completo e médio incompleto ou equivalente
2,Grande Região,1572,Mil pessoas,3644,1,Norte,2023,2023,1643,Pessoas de 25 anos ou mais de idade,6794,Total,48135,Médio completo ou equivalente e superior incompleto
2,Grande Região,1572,Mil pessoas,1659,1,Norte,2023,2023,1643,Pessoas de 25 anos ou mais de idade,6794,Total,99713,Superior completo
2,Grande Região,1572,Mil pessoas,5093,1,Norte,2023,2023,1643,Pessoas de 25 anos ou mais de idade,4,Homens,120704,Total
2,Grande Região,1572,Mil pessoas,2051,1,Norte,2023,2023,1643,Pessoas de 25 anos ou mais de idade,4,Homens,11627,Sem instrução e fundamental incompleto ou equivalente
2,Grande Região,1572,Mil pessoas,656,1,Norte,2023,2023,1643,Pessoas de 25 anos ou mais de idade,4,Homens,48134,Fundamental completo e médio incompleto ou equivalente
2,Grande Região,1572,Mil pessoas,1729,1,Norte,2023,2023,1643,Pessoas de 25 anos ou mais de idade,4,Homens,48135,Médio completo ou equivalente e superior incompleto
2,Grande Região,1572,Mil pessoas,656,1,Norte,2023,2023,1643,Pessoas de 25 anos ou mais de idade,4,Homens,99713,Superior completo
2,Grande Região,1572,Mil pessoas,5349,1,Norte,2023,2023,1643,Pessoas de 25 anos ou mais de idade,5,Mulheres,120704,Total
2,Grande Região,1572,Mil pessoas,1805,1,Norte,2023,2023,1643,Pessoas de 25 anos ou mais de idade,5,Mulheres,11627,Sem instrução e fundamental incompleto ou equivalente
2,Grande Região,1572,Mil pessoas,626,1,Norte,2023,2023,1643,Pessoas de 25 anos ou mais de idade,5,Mulheres,48134,Fundamental completo e médio incompleto ou equivalente
2,Grande Região,1572,Mil pessoas,1915,1,Norte,2023,2023,1643,Pessoas de 25 anos ou mais de idade,5,Mulheres,48135,Médio completo ou equivalente e superior incompleto
2,Grande Região,1572,Mil pessoas,1003,1,Norte,2023,2023,1643,Pessoas de 25 anos ou mais de idade,5,Mulheres,99713,Superior completo
2,Grande Região,2,%,0.5,1,Norte,2023,2023,10269,Coeficiente de variação - Pessoas de 25 anos ou mais de idade,6794,Total,120704,Total
2,Grande Região,2,%,1.3,1,Norte,2023,2023,10269,Coeficiente de variação - Pessoas de 25 anos ou mais de idade,6794,Total,11627,Sem instrução e fundamental incompleto ou equivalente
2,Grande Região,2,%,2.2,1,Norte,2023,2023,10269,Coeficiente de variação - Pessoas de 25 anos ou mais de idade,6794,Total,48134,Fundamental completo e médio incompleto ou equivalente
2,Grande Região,2,%,1.2,1,Norte,2023,2023,10269,Coeficiente de variação - Pessoas de 25 anos ou mais de idade,6794,Total,48135,Médio completo ou equivalente e superior incompleto
2,Grande Região,2,%,3.2,1,Norte,2023,2023,10269,Coeficiente de variação - Pessoas de 25 anos ou mais de idade,6794,Total,99713,Superior completo
2,Grande Região,2,%,0.6,1,Norte,2023,2023,10269,Coeficiente de variação - Pessoas de 25 anos ou mais de idade,4,Homens,120704,Total
2,Grande Região,2,%,1.5,1,Norte,2023,2023,10269,Coeficiente de variação - Pessoas de 25 anos ou mais de idade,4,Homens,11627,Sem instrução e fundamental incompleto ou equivalente
2,Grande Região,2,%,2.7,1,Norte,2023,2023,10269,Coeficiente de variação - Pessoas de 25 anos ou mais de idade,4,Homens,48134,Fundamental completo e médio incompleto ou equivalente
2,Grande Região,2,%,1.5,1,Norte,2023,2023,10269,Coeficiente de variação - Pessoas de 25 anos ou mais de idade,4,Homens,48135,Médio completo ou equivalente e superior incompleto
2,Grande Região,2,%,3.8,1,Norte,2023,2023,10269,Coeficiente de variação - Pessoas de 25 anos ou mais de idade,4,Homens,99713,Superior completo
2,Grande Região,2,%,0.6,1,Norte,2023,2023,10269,Coeficiente de variação - Pessoas de 25 anos ou mais de idade,5,Mulheres,120704,Total
2,Grande Região,2,%,1.5,1,Norte,2023,2023,10269,Coeficiente de variação - Pessoas de 25 anos ou mais de idade,5,Mulheres,11627,Sem instrução e fundamental incompleto ou equivalente
2,Grande Região,2,%,2.9,1,Norte,2023,2023,10269,Coeficiente de variação - Pessoas de 25 anos ou mais de idade,5,Mulheres,48134,Fundamental completo e médio incompleto ou equivalente
2,Grande Região,2,%,1.5,1,Norte,2023,2023,10269,Coeficiente de variação - Pessoas de 25 anos ou mais de idade,5,Mulheres,48135,Médio completo ou equivalente e superior incompleto
2,Grande Região,2,%,3.2,1,Norte,2023,2023,10269,Coeficiente de variação - Pessoas de 25 anos ou mais de idade,5,Mulheres,99713,Superior completo
2,Grande Região,2,%,100,1,Norte,2023,2023,10270,Distribuição percentual das pessoas de 25 anos ou mais de idade,6794,Total,120704,Total
2,Grande Região,2,%,36.9,1,Norte,2023,2023,10270,Distribuição percentual das pessoas de 25 anos ou mais de idade,6794,Total,11627,Sem instrução e fundamental incompleto ou equivalente
2,Grande Região,2,%,12.3,1,Norte,2023,2023,10270,Distribuição percentual das pessoas de 25 anos ou mais de idade,6794,Total,48134,Fundamental completo e médio incompleto ou equivalente
2,Grande Região,2,%,34.9,1,Norte,2023,2023,10270,Distribuição percentual das pessoas de 25 anos ou mais de idade,6794,Total,48135,Médio completo ou equivalente e superior incompleto
2,Grande Região,2,%,15.9,1,Norte,2023,2023,10270,Distribuição percentual das pessoas de 25 anos ou mais de idade,6794,Total,99713,Superior completo
2,Grande Região,2,%,100,1,Norte,2023,2023,10270,Distribuição percentual das pessoas de 25 anos ou mais de idade,4,Homens,120704,Total
2,Grande Região,2,%,40.3,1,Norte,2023,2023,10270,Distribuição percentual das pessoas de 25 anos ou mais de idade,4,Homens,11627,Sem instrução e fundamental incompleto ou equivalente
2,Grande Região,2,%,12.9,1,Norte,2023,2023,10270,Distribuição percentual das pessoas de 25 anos ou mais de idade,4,Homens,48134,Fundamental completo e médio incompleto ou equivalente
2,Grande Região,2,%,33.9,1,Norte,2023,2023,10270,Distribuição percentual das pessoas de 25 anos ou mais de idade,4,Homens,48135,Médio completo ou equivalente e superior incompleto
2,Grande Região,2,%,12.9,1,Norte,2023,2023,10270,Distribuição percentual das pessoas de 25 anos ou mais de idade,4,Homens,99713,Superior completo
2,Grande Região,2,%,100,1,Norte,2023,2023,10270,Distribuição percentual das pessoas de 25 anos ou mais de idade,5,Mulheres,120704,Total
2,Grande Região,2,%,33.7,1,Norte,2023,2023,10270,Distribuição percentual das pessoas de 25 anos ou mais de idade,5,Mulheres,11627,Sem instrução e fundamental incompleto ou equivalente
2,Grande Região,2,%,11.7,1,Norte,2023,2023,10270,Distribuição percentual das pessoas de 25 anos ou mais de idade,5,Mulheres,48134,Fundamental completo e médio incompleto ou equivalente
2,Grande Região,2,%,35.8,1,Norte,2023,2023,10270,Distribuição percentual das pessoas de 25 anos ou mais de idade,5,Mulheres,48135,Médio completo ou equivalente e superior incompleto
2,Grande Região,2,%,18.7,1,Norte,2023,2023,10270,Distribuição percentual das pessoas de 25 anos ou mais de idade,5,Mulheres,99713,Superior completo
2,Grande Região,2,%,,1,Norte,2023,2023,10271,Coeficiente de variação - Distribuição percentual das pessoas de 25 anos ou mais de idade,6794,Total,120704,Total
2,Grande Região,2,%,1.3,1,Norte,2023,2023,10271,Coeficiente de variação - Distribuição percentual das pessoas de 25 anos ou mais de idade,6794,Total,11627,Sem instrução e fundamental incompleto ou equivalente
2,Grande Região,2,%,2.2,1,Norte,2023,2023,10271,Coeficiente de variação - Distribuição percentual das pessoas de 25 anos ou mais de idade,6794,Total,48134,Fundamental completo e médio incompleto ou equivalente
2,Grande Região,2,%,1.1,1,Norte,2023,2023,10271,Coeficiente de variação - Distribuição percentual das pessoas de 25 anos ou mais de idade,6794,Total,48135,Médio completo ou equivalente e superior incompleto
2,Grande Região,2,%,3,1,Norte,2023,2023,10271,Coeficiente de variação - Distribuição percentual das pessoas de 25 anos ou mais de idade,6794,Total,99713,Superior completo
2,Grande Região,2,%,,1,Norte,2023,2023,10271,Coeficiente de variação - Distribuição percentual das pessoas de 25 anos ou mais de idade,4,Homens,120704,Total
2,Grande Região,2,%,1.4,1,Norte,2023,2023,10271,Coeficiente de variação - Distribuição percentual das pessoas de 25 anos ou mais de idade,4,Homens,11627,Sem instrução e fundamental incompleto ou equivalente
2,Grande Região,2,%,2.6,1,Norte,2023,2023,10271,Coeficiente de variação - Distribuição percentual das pessoas de 25 anos ou mais de idade,4,Homens,48134,Fundamental completo e médio incompleto ou equivalente
2,Grande Região,2,%,1.4,1,Norte,2023,2023,10271,Coeficiente de variação - Distribuição percentual das pessoas de 25 anos ou mais de idade,4,Homens,48135,Médio completo ou equivalente e superior incompleto
2,Grande Região,2,%,3.7,1,Norte,2023,2023,10271,Coeficiente de variação - Distribuição percentual das pessoas de 25 anos ou mais de idade,4,Homens,99713,Superior completo
2,Grande Região,2,%,,1,Norte,2023,2023,10271,Coeficiente de variação - Distribuição percentual das pessoas de 25 anos ou mais de idade,5,Mulheres,120704,Total
2,Grande Região,2,%,1.5,1,Norte,2023,2023,10271,Coeficiente de variação - Distribuição percentual das pessoas de 25 anos ou mais de idade,5,Mulheres,11627,Sem instrução e fundamental incompleto ou equivalente
2,Grande Região,2,%,2.9,1,Norte,2023,2023,10271,Coeficiente de variação - Distribuição percentual das pessoas de 25 anos ou mais de idade,5,Mulheres,48134,Fundamental completo e médio incompleto ou equivalente
2,Grande Região,2,%,1.3,1,Norte,2023,2023,10271,Coeficiente de variação - Distribuição percentual das pessoas de 25 anos ou mais de idade,5,Mulheres,48135,Médio completo ou equivalente e superior incompleto
2,Grande Região,2,%,3,1,Norte,2023,2023,10271,Coeficiente de variação - Distribuição percentual das pessoas de 25 anos ou mais de idade,5,Mulheres,99713,Superior completo
2,Grande Região,1572,Mil pessoas,32143,2,Nordeste,2016,2016,1643,Pessoas de 25 anos ou mais de idade,6794,Total,120704,Total
2,Grande Região,1572,Mil pessoas,16567,2,Nordeste,2016,2016,1643,Pessoas de 25 anos ou mais de idade,6794,Total,11627,Sem instrução e fundamental incompleto ou equivalente
2,Grande Região,1572,Mil pessoas,3755,2,Nordeste,2016,2016,1643,Pessoas de 25 anos ou mais de idade,6794,Total,48134,Fundamental completo e médio incompleto ou equivalente
2,Grande Região,1572,Mil pessoas,8667,2,Nordeste,2016,2016,1643,Pessoas de 25 anos ou mais de idade,6794,Total,48135,Médio completo ou equivalente e superior incompleto
2,Grande Região,1572,Mil pessoas,3154,2,Nordeste,2016,2016,1643,Pessoas de 25 anos ou mais de idade,6794,Total,99713,Superior completo
2,Grande Região,1572,Mil pessoas,15171,2,Nordeste,2016,2016,1643,Pessoas de 25 anos ou mais de idade,4,Homens,120704,Total
2,Grande Região,1572,Mil pessoas,8356,2,Nordeste,2016,2016,1643,Pessoas de 25 anos ou mais de idade,4,Homens,11627,Sem instrução e fundamental incompleto ou equivalente
2,Grande Região,1572,Mil pessoas,1791,2,Nordeste,2016,2016,1643,Pessoas de 25 anos ou mais de idade,4,Homens,48134,Fundamental completo e médio incompleto ou equivalente
2,Grande Região,1572,Mil pessoas,3868,2,Nordeste,2016,2016,1643,Pessoas de 25 anos ou mais de idade,4,Homens,48135,Médio completo ou equivalente e superior incompleto
2,Grande Região,1572,Mil pessoas,1157,2,Nordeste,2016,2016,1643,Pessoas de 25 anos ou mais de idade,4,Homens,99713,Superior completo
2,Grande Região,1572,Mil pessoas,16972,2,Nordeste,2016,2016,1643,Pessoas de 25 anos ou mais de idade,5,Mulheres,120704,Total
2,Grande Região,1572,Mil pessoas,8211,2,Nordeste,2016,2016,1643,Pessoas de 25 anos ou mais de idade,5,Mulheres,11627,Sem instrução e fundamental incompleto ou equivalente
2,Grande Região,1572,Mil pessoas,1964,2,Nordeste,2016,2016,1643,Pessoas de 25 anos ou mais de idade,5,Mulheres,48134,Fundamental completo e médio incompleto ou equivalente
2,Grande Região,1572,Mil pessoas,4799,2,Nordeste,2016,2016,1643,Pessoas de 25 anos ou mais de idade,5,Mulheres,48135,Médio completo ou equivalente e superior incompleto
2,Grande Região,1572,Mil pessoas,1997,2,Nordeste,2016,2016,1643,Pessoas de 25 anos ou mais de idade,5,Mulheres,99713,Superior completo
2,Grande Região,2,%,0.3,2,Nordeste,2016,2016,10269,Coeficiente de variação - Pessoas de 25 anos ou mais de idade,6794,Total,120704,Total
2,Grande Região,2,%,0.8,2,Nordeste,2016,2016,10269,Coeficiente de variação - Pessoas de 25 anos ou mais de idade,6794,Total,11627,Sem instrução e fundamental incompleto ou equivalente
2,Grande Região,2,%,1.4,2,Nordeste,2016,2016,10269,Coeficiente de variação - Pessoas de 25 anos ou mais de idade,6794,Total,48134,Fundamental completo e médio incompleto ou equivalente
2,Grande Região,2,%,1.1,2,Nordeste,2016,2016,10269,Coeficiente de variação - Pessoas de 25 anos ou mais de idade,6794,Total,48135,Médio completo ou equivalente e superior incompleto
2,Grande Região,2,%,2.8,2,Nordeste,2016,2016,10269,Coeficiente de variação - Pessoas de 25 anos ou mais de idade,6794,Total,99713,Superior completo
2,Grande Região,2,%,0.4,2,Nordeste,2016,2016,10269,Coeficiente de variação - Pessoas de 25 anos ou mais de idade,4,Homens,120704,Total
2,Grande Região,2,%,0.9,2,Nordeste,2016,2016,10269,Coeficiente de variação - Pessoas de 25 anos ou mais de idade,4,Homens,11627,Sem instrução e fundamental incompleto ou equivalente
2,Grande Região,2,%,1.9,2,Nordeste,2016,2016,10269,Coeficiente de variação - Pessoas de 25 anos ou mais de idade,4,Homens,48134,Fundamental completo e médio incompleto ou equivalente
2,Grande Região,2,%,1.2,2,Nordeste,2016,2016,10269,Coeficiente de variação - Pessoas de 25 anos ou mais de idade,4,Homens,48135,Médio completo ou equivalente e superior incompleto
2,Grande Região,2,%,3.5,2,Nordeste,2016,2016,10269,Coeficiente de variação - Pessoas de 25 anos ou mais de idade,4,Homens,99713,Superior completo
2,Grande Região,2,%,0.3,2,Nordeste,2016,2016,10269,Coeficiente de variação - Pessoas de 25 anos ou mais de idade,5,Mulheres,120704,Total
2,Grande Região,2,%,0.8,2,Nordeste,2016,2016,10269,Coeficiente de variação - Pessoas de 25 anos ou mais de idade,5,Mulheres,11627,Sem instrução e fundamental incompleto ou equivalente
2,Grande Região,2,%,1.6,2,Nordeste,2016,2016,10269,Coeficiente de variação - Pessoas de 25 anos ou mais de idade,5,Mulheres,48134,Fundamental completo e médio incompleto ou equivalente
2,Grande Região,2,%,1.2,2,Nordeste,2016,2016,10269,Coeficiente de variação - Pessoas de 25 anos ou mais de idade,5,Mulheres,48135,Médio completo ou equivalente e superior incompleto
2,Grande Região,2,%,2.7,2,Nordeste,2016,2016,10269,Coeficiente de variação - Pessoas de 25 anos ou mais de idade,5,Mulheres,99713,Superior completo
2,Grande Região,2,%,100,2,Nordeste,2016,2016,10270,Distribuição percentual das pessoas de 25 anos ou mais de idade,6794,Total,120704,Total
2,Grande Região,2,%,51.5,2,Nordeste,2016,2016,10270,Distribuição percentual das pessoas de 25 anos ou mais de idade,6794,Total,11627,Sem instrução e fundamental incompleto ou equivalente
2,Grande Região,2,%,11.7,2,Nordeste,2016,2016,10270,Distribuição percentual das pessoas de 25 anos ou mais de idade,6794,Total,48134,Fundamental completo e médio incompleto ou equivalente
2,Grande Região,2,%,27,2,Nordeste,2016,2016,10270,Distribuição percentual das pessoas de 25 anos ou mais de idade,6794,Total,48135,Médio completo ou equivalente e superior incompleto
2,Grande Região,2,%,9.8,2,Nordeste,2016,2016,10270,Distribuição percentual das pessoas de 25 anos ou mais de idade,6794,Total,99713,Superior completo
2,Grande Região,2,%,100,2,Nordeste,2016,2016,10270,Distribuição percentual das pessoas de 25 anos ou mais de idade,4,Homens,120704,Total
2,Grande Região,2,%,55.1,2,Nordeste,2016,2016,10270,Distribuição percentual das pessoas de 25 anos ou mais de idade,4,Homens,11627,Sem instrução e fundamental incompleto ou equivalente
2,Grande Região,2,%,11.8,2,Nordeste,2016,2016,10270,Distribuição percentual das pessoas de 25 anos ou mais de idade,4,Homens,48134,Fundamental completo e médio incompleto ou equivalente
2,Grande Região,2,%,25.5,2,Nordeste,2016,2016,10270,Distribuição percentual das pessoas de 25 anos ou mais de idade,4,Homens,48135,Médio completo ou equivalente e superior incompleto
2,Grande Região,2,%,7.6,2,Nordeste,2016,2016,10270,Distribuição percentual das pessoas de 25 anos ou mais de idade,4,Homens,99713,Superior completo
2,Grande Região,2,%,100,2,Nordeste,2016,2016,10270,Distribuição percentual das pessoas de 25 anos ou mais de idade,5,Mulheres,120704,Total
2,Grande Região,2,%,48.4,2,Nordeste,2016,2016,10270,Distribuição percentual das pessoas de 25 anos ou mais de idade,5,Mulheres,11627,Sem instrução e fundamental incompleto ou equivalente
2,Grande Região,2,%,11.6,2,Nordeste,2016,2016,10270,Distribuição percentual das pessoas de 25 anos ou mais de idade,5,Mulheres,48134,Fundamental completo e médio incompleto ou equivalente
2,Grande Região,2,%,28.3,2,Nordeste,2016,2016,10270,Distribuição percentual das pessoas de 25 anos ou mais de idade,5,Mulheres,48135,Médio completo ou equivalente e superior incompleto
2,Grande Região,2,%,11.8,2,Nordeste,2016,2016,10270,Distribuição percentual das pessoas de 25 anos ou mais de idade,5,Mulheres,99713,Superior completo
2,Grande Região,2,%,,2,Nordeste,2016,2016,10271,Coeficiente de variação - Distribuição percentual das pessoas de 25 anos ou mais de idade,6794,Total,120704,Total
2,Grande Região,2,%,0.7,2,Nordeste,2016,2016,10271,Coeficiente de variação - Distribuição percentual das pessoas de 25 anos ou mais de idade,6794,Total,11627,Sem instrução e fundamental incompleto ou equivalente
2,Grande Região,2,%,1.4,2,Nordeste,2016,2016,10271,Coeficiente de variação - Distribuição percentual das pessoas de 25 anos ou mais de idade,6794,Total,48134,Fundamental completo e médio incompleto ou equivalente
2,Grande Região,2,%,1,2,Nordeste,2016,2016,10271,Coeficiente de variação - Distribuição percentual das pessoas de 25 anos ou mais de idade,6794,Total,48135,Médio completo ou equivalente e superior incompleto
2,Grande Região,2,%,2.8,2,Nordeste,2016,2016,10271,Coeficiente de variação - Distribuição percentual das pessoas de 25 anos ou mais de idade,6794,Total,99713,Superior completo
2,Grande Região,2,%,,2,Nordeste,2016,2016,10271,Coeficiente de variação - Distribuição percentual das pessoas de 25 anos ou mais de idade,4,Homens,120704,Total
2,Grande Região,2,%,0.8,2,Nordeste,2016,2016,10271,Coeficiente de variação - Distribuição percentual das pessoas de 25 anos ou mais de idade,4,Homens,11627,Sem instrução e fundamental incompleto ou equivalente
2,Grande Região,2,%,1.8,2,Nordeste,2016,2016,10271,Coeficiente de variação - Distribuição percentual das pessoas de 25 anos ou mais de idade,4,Homens,48134,Fundamental completo e médio incompleto ou equivalente
2,Grande Região,2,%,1.2,2,Nordeste,2016,2016,10271,Coeficiente de variação - Distribuição percentual das pessoas de 25 anos ou mais de idade,4,Homens,48135,Médio completo ou equivalente e superior incompleto
2,Grande Região,2,%,3.6,2,Nordeste,2016,2016,10271,Coeficiente de variação - Distribuição percentual das pessoas de 25 anos ou mais de idade,4,Homens,99713,Superior completo
2,Grande Região,2,%,,2,Nordeste,2016,2016,10271,Coeficiente de variação - Distribuição percentual das pessoas de 25 anos ou mais de idade,5,Mulheres,120704,Total
2,Grande Região,2,%,0.9,2,Nordeste,2016,2016,10271,Coeficiente de variação - Distribuição percentual das pessoas de 25 anos ou mais de idade,5,Mulheres,11627,Sem instrução e fundamental incompleto ou equivalente
2,Grande Região,2,%,1.6,2,Nordeste,2016,2016,10271,Coeficiente de variação - Distribuição percentual das pessoas de 25 anos ou mais de idade,5,Mulheres,48134,Fundamental completo e médio incompleto ou equivalente
2,Grande Região,2,%,1.1,2,Nordeste,2016,2016,10271,Coeficiente de variação - Distribuição percentual das pessoas de 25 anos ou mais de idade,5,Mulheres,48135,Médio completo ou equivalente e superior incompleto
2,Grande Região,2,%,2.6,2,Nordeste,2016,2016,10271,Coeficiente de variação - Distribuição percentual das pessoas de 25 anos ou mais de idade,5,Mulheres,99713,Superior completo
2,Grande Região,1572,Mil pessoas,32715,2,Nordeste,2017,2017,1643,Pessoas de 25 anos ou mais de idade,6794,Total,120704,Total
2,Grande Região,1572,Mil pessoas,16580,2,Nordeste,2017,2017,1643,Pessoas de 25 anos ou mais de idade,6794,Total,11627,Sem instrução e fundamental incompleto ou equivalente
2,Grande Região,1572,Mil pessoas,3755,2,Nordeste,2017,2017,1643,Pessoas de 25 anos ou mais de idade,6794,Total,48134,Fundamental completo e médio incompleto ou equivalente
2,Grande Região,1572,Mil pessoas,9040,2,Nordeste,2017,2017,1643,Pessoas de 25 anos ou mais de idade,6794,Total,48135,Médio completo ou equivalente e superior incompleto
2,Grande Região,1572,Mil pessoas,3340,2,Nordeste,2017,2017,1643,Pessoas de 25 anos ou mais de idade,6794,Total,99713,Superior completo
2,Grande Região,1572,Mil pessoas,15483,2,Nordeste,2017,2017,1643,Pessoas de 25 anos ou mais de idade,4,Homens,120704,Total
2,Grande Região,1572,Mil pessoas,8393,2,Nordeste,2017,2017,1643,Pessoas de 25 anos ou mais de idade,4,Homens,11627,Sem instrução e fundamental incompleto ou equivalente
2,Grande Região,1572,Mil pessoas,1823,2,Nordeste,2017,2017,1643,Pessoas de 25 anos ou mais de idade,4,Homens,48134,Fundamental completo e médio incompleto ou equivalente
2,Grande Região,1572,Mil pessoas,4044,2,Nordeste,2017,2017,1643,Pessoas de 25 anos ou mais de idade,4,Homens,48135,Médio completo ou equivalente e superior incompleto
2,Grande Região,1572,Mil pessoas,1223,2,Nordeste,2017,2017,1643,Pessoas de 25 anos ou mais de idade,4,Homens,99713,Superior completo
2,Grande Região,1572,Mil pessoas,17232,2,Nordeste,2017,2017,1643,Pessoas de 25 anos ou mais de idade,5,Mulheres,120704,Total
2,Grande Região,1572,Mil pessoas,8187,2,Nordeste,2017,2017,1643,Pessoas de 25 anos ou mais de idade,5,Mulheres,11627,Sem instrução e fundamental incompleto ou equivalente
2,Grande Região,1572,Mil pessoas,1932,2,Nordeste,2017,2017,1643,Pessoas de 25 anos ou mais de idade,5,Mulheres,48134,Fundamental completo e médio incompleto ou equivalente
2,Grande Região,1572,Mil pessoas,4996,2,Nordeste,2017,2017,1643,Pessoas de 25 anos ou mais de idade,5,Mulheres,48135,Médio completo ou equivalente e superior incompleto
2,Grande Região,1572,Mil pessoas,2117,2,Nordeste,2017,2017,1643,Pessoas de 25 anos ou mais de idade,5,Mulheres,99713,Superior completo
2,Grande Região,2,%,0.3,2,Nordeste,2017,2017,10269,Coeficiente de variação - Pessoas de 25 anos ou mais de idade,6794,Total,120704,Total
2,Grande Região,2,%,0.7,2,Nordeste,2017,2017,10269,Coeficiente de variação - Pessoas de 25 anos ou mais de idade,6794,Total,11627,Sem instrução e fundamental incompleto ou equivalente
2,Grande Região,2,%,1.3,2,Nordeste,2017,2017,10269,Coeficiente de variação - Pessoas de 25 anos ou mais de idade,6794,Total,48134,Fundamental completo e médio incompleto ou equivalente
2,Grande Região,2,%,1,2,Nordeste,2017,2017,10269,Coeficiente de variação - Pessoas de 25 anos ou mais de idade,6794,Total,48135,Médio completo ou equivalente e superior incompleto
2,Grande Região,2,%,2.6,2,Nordeste,2017,2017,10269,Coeficiente de variação - Pessoas de 25 anos ou mais de idade,6794,Total,99713,Superior completo
2,Grande Região,2,%,0.4,2,Nordeste,2017,2017,10269,Coeficiente de variação - Pessoas de 25 anos ou mais de idade,4,Homens,120704,Total
2,Grande Região,2,%,0.8,2,Nordeste,2017,2017,10269,Coeficiente de variação - Pessoas de 25 anos ou mais de idade,4,Homens,11627,Sem instrução e fundamental incompleto ou equivalente
2,Grande Região,2,%,1.7,2,Nordeste,2017,2017,10269,Coeficiente de variação - Pessoas de 25 anos ou mais de idade,4,Homens,48134,Fundamental completo e médio incompleto ou equivalente
2,Grande Região,2,%,1.3,2,Nordeste,2017,2017,10269,Coeficiente de variação - Pessoas de 25 anos ou mais de idade,4,Homens,48135,Médio completo ou equivalente e superior incompleto
2,Grande Região,2,%,3.4,2,Nordeste,2017,2017,10269,Coeficiente de variação - Pessoas de 25 anos ou mais de idade,4,Homens,99713,Superior completo
2,Grande Região,2,%,0.3,2,Nordeste,2017,2017,10269,Coeficiente de variação - Pessoas de 25 anos ou mais de idade,5,Mulheres,120704,Total
2,Grande Região,2,%,0.8,2,Nordeste,2017,2017,10269,Coeficiente de variação - Pessoas de 25 anos ou mais de idade,5,Mulheres,11627,Sem instrução e fundamental incompleto ou equivalente
2,Grande Região,2,%,1.6,2,Nordeste,2017,2017,10269,Coeficiente de variação - Pessoas de 25 anos ou mais de idade,5,Mulheres,48134,Fundamental completo e médio incompleto ou equivalente
2,Grande Região,2,%,1.1,2,Nordeste,2017,2017,10269,Coeficiente de variação - Pessoas de 25 anos ou mais de idade,5,Mulheres,48135,Médio completo ou equivalente e superior incompleto
2,Grande Região,2,%,2.4,2,Nordeste,2017,2017,10269,Coeficiente de variação - Pessoas de 25 anos ou mais de idade,5,Mulheres,99713,Superior completo
2,Grande Região,2,%,100,2,Nordeste,2017,2017,10270,Distribuição percentual das pessoas de 25 anos ou mais de idade,6794,Total,120704,Total
2,Grande Região,2,%,50.7,2,Nordeste,2017,2017,10270,Distribuição percentual das pessoas de 25 anos ou mais de idade,6794,Total,11627,Sem instrução e fundamental incompleto ou equivalente
2,Grande Região,2,%,11.5,2,Nordeste,2017,2017,10270,Distribuição percentual das pessoas de 25 anos ou mais de idade,6794,Total,48134,Fundamental completo e médio incompleto ou equivalente
2,Grande Região,2,%,27.6,2,Nordeste,2017,2017,10270,Distribuição percentual das pessoas de 25 anos ou mais de idade,6794,Total,48135,Médio completo ou equivalente e superior incompleto
2,Grande Região,2,%,10.2,2,Nordeste,2017,2017,10270,Distribuição percentual das pessoas de 25 anos ou mais de idade,6794,Total,99713,Superior completo
2,Grande Região,2,%,100,2,Nordeste,2017,2017,10270,Distribuição percentual das pessoas de 25 anos ou mais de idade,4,Homens,120704,Total
2,Grande Região,2,%,54.2,2,Nordeste,2017,2017,10270,Distribuição percentual das pessoas de 25 anos ou mais de idade,4,Homens,11627,Sem instrução e fundamental incompleto ou equivalente
2,Grande Região,2,%,11.8,2,Nordeste,2017,2017,10270,Distribuição percentual das pessoas de 25 anos ou mais de idade,4,Homens,48134,Fundamental completo e médio incompleto ou equivalente
2,Grande Região,2,%,26.1,2,Nordeste,2017,2017,10270,Distribuição percentual das pessoas de 25 anos ou mais de idade,4,Homens,48135,Médio completo ou equivalente e superior incompleto
2,Grande Região,2,%,7.9,2,Nordeste,2017,2017,10270,Distribuição percentual das pessoas de 25 anos ou mais de idade,4,Homens,99713,Superior completo
2,Grande Região,2,%,100,2,Nordeste,2017,2017,10270,Distribuição percentual das pessoas de 25 anos ou mais de idade,5,Mulheres,120704,Total
2,Grande Região,2,%,47.5,2,Nordeste,2017,2017,10270,Distribuição percentual das pessoas de 25 anos ou mais de idade,5,Mulheres,11627,Sem instrução e fundamental incompleto ou equivalente
2,Grande Região,2,%,11.2,2,Nordeste,2017,2017,10270,Distribuição percentual das pessoas de 25 anos ou mais de idade,5,Mulheres,48134,Fundamental completo e médio incompleto ou equivalente
2,Grande Região,2,%,29,2,Nordeste,2017,2017,10270,Distribuição percentual das pessoas de 25 anos ou mais de idade,5,Mulheres,48135,Médio completo ou equivalente e superior incompleto
2,Grande Região,2,%,12.3,2,Nordeste,2017,2017,10270,Distribuição percentual das pessoas de 25 anos ou mais de idade,5,Mulheres,99713,Superior completo
2,Grande Região,2,%,,2,Nordeste,2017,2017,10271,Coeficiente de variação - Distribuição percentual das pessoas de 25 anos ou mais de idade,6794,Total,120704,Total
2,Grande Região,2,%,0.7,2,Nordeste,2017,2017,10271,Coeficiente de variação - Distribuição percentual das pessoas de 25 anos ou mais de idade,6794,Total,11627,Sem instrução e fundamental incompleto ou equivalente
2,Grande Região,2,%,1.3,2,Nordeste,2017,2017,10271,Coeficiente de variação - Distribuição percentual das pessoas de 25 anos ou mais de idade,6794,Total,48134,Fundamental completo e médio incompleto ou equivalente
2,Grande Região,2,%,0.9,2,Nordeste,2017,2017,10271,Coeficiente de variação - Distribuição percentual das pessoas de 25 anos ou mais de idade,6794,Total,48135,Médio completo ou equivalente e superior incompleto
2,Grande Região,2,%,2.5,2,Nordeste,2017,2017,10271,Coeficiente de variação - Distribuição percentual das pessoas de 25 anos ou mais de idade,6794,Total,99713,Superior completo
2,Grande Região,2,%,,2,Nordeste,2017,2017,10271,Coeficiente de variação - Distribuição percentual das pessoas de 25 anos ou mais de idade,4,Homens,120704,Total
2,Grande Região,2,%,0.7,2,Nordeste,2017,2017,10271,Coeficiente de variação - Distribuição percentual das pessoas de 25 anos ou mais de idade,4,Homens,11627,Sem instrução e fundamental incompleto ou equivalente
2,Grande Região,2,%,1.7,2,Nordeste,2017,2017,10271,Coeficiente de variação - Distribuição percentual das pessoas de 25 anos ou mais de idade,4,Homens,48134,Fundamental completo e médio incompleto ou equivalente
2,Grande Região,2,%,1.2,2,Nordeste,2017,2017,10271,Coeficiente de variação - Distribuição percentual das pessoas de 25 anos ou mais de idade,4,Homens,48135,Médio completo ou equivalente e superior incompleto
2,Grande Região,2,%,3.4,2,Nordeste,2017,2017,10271,Coeficiente de variação - Distribuição percentual das pessoas de 25 anos ou mais de idade,4,Homens,99713,Superior completo
2,Grande Região,2,%,,2,Nordeste,2017,2017,10271,Coeficiente de variação - Distribuição percentual das pessoas de 25 anos ou mais de idade,5,Mulheres,120704,Total
2,Grande Região,2,%,0.7,2,Nordeste,2017,2017,10271,Coeficiente de variação - Distribuição percentual das pessoas de 25 anos ou mais de idade,5,Mulheres,11627,Sem instrução e fundamental incompleto ou equivalente
2,Grande Região,2,%,1.6,2,Nordeste,2017,2017,10271,Coeficiente de variação - Distribuição percentual das pessoas de 25 anos ou mais de idade,5,Mulheres,48134,Fundamental completo e médio incompleto ou equivalente
2,Grande Região,2,%,1,2,Nordeste,2017,2017,10271,Coeficiente de variação - Distribuição percentual das pessoas de 25 anos ou mais de idade,5,Mulheres,48135,Médio completo ou equivalente e superior incompleto
2,Grande Região,2,%,2.3,2,Nordeste,2017,2017,10271,Coeficiente de variação - Distribuição percentual das pessoas de 25 anos ou mais de idade,5,Mulheres,99713,Superior completo
2,Grande Região,1572,Mil pessoas,33266,2,Nordeste,2018,2018,1643,Pessoas de 25 anos ou mais de idade,6794,Total,120704,Total
2,Grande Região,1572,Mil pessoas,16313,2,Nordeste,2018,2018,1643,Pessoas de 25 anos ou mais de idade,6794,Total,11627,Sem instrução e fundamental incompleto ou equivalente
2,Grande Região,1572,Mil pessoas,3788,2,Nordeste,2018,2018,1643,Pessoas de 25 anos ou mais de idade,6794,Total,48134,Fundamental completo e médio incompleto ou equivalente
2,Grande Região,1572,Mil pessoas,9432,2,Nordeste,2018,2018,1643,Pessoas de 25 anos ou mais de idade,6794,Total,48135,Médio completo ou equivalente e superior incompleto
2,Grande Região,1572,Mil pessoas,3733,2,Nordeste,2018,2018,1643,Pessoas de 25 anos ou mais de idade,6794,Total,99713,Superior completo
2,Grande Região,1572,Mil pessoas,15708,2,Nordeste,2018,2018,1643,Pessoas de 25 anos ou mais de idade,4,Homens,120704,Total
2,Grande Região,1572,Mil pessoas,8306,2,Nordeste,2018,2018,1643,Pessoas de 25 anos ou mais de idade,4,Homens,11627,Sem instrução e fundamental incompleto ou equivalente
2,Grande Região,1572,Mil pessoas,1815,2,Nordeste,2018,2018,1643,Pessoas de 25 anos ou mais de idade,4,Homens,48134,Fundamental completo e médio incompleto ou equivalente
2,Grande Região,1572,Mil pessoas,4196,2,Nordeste,2018,2018,1643,Pessoas de 25 anos ou mais de idade,4,Homens,48135,Médio completo ou equivalente e superior incompleto
2,Grande Região,1572,Mil pessoas,1391,2,Nordeste,2018,2018,1643,Pessoas de 25 anos ou mais de idade,4,Homens,99713,Superior completo
2,Grande Região,1572,Mil pessoas,17557,2,Nordeste,2018,2018,1643,Pessoas de 25 anos ou mais de idade,5,Mulheres,120704,Total
2,Grande Região,1572,Mil pessoas,8007,2,Nordeste,2018,2018,1643,Pessoas de 25 anos ou mais de idade,5,Mulheres,11627,Sem instrução e fundamental incompleto ou equivalente
2,Grande Região,1572,Mil pessoas,1973,2,Nordeste,2018,2018,1643,Pessoas de 25 anos ou mais de idade,5,Mulheres,48134,Fundamental completo e médio incompleto ou equivalente
2,Grande Região,1572,Mil pessoas,5236,2,Nordeste,2018,2018,1643,Pessoas de 25 anos ou mais de idade,5,Mulheres,48135,Médio completo ou equivalente e superior incompleto
2,Grande Região,1572,Mil pessoas,2342,2,Nordeste,2018,2018,1643,Pessoas de 25 anos ou mais de idade,5,Mulheres,99713,Superior completo
2,Grande Região,2,%,0.3,2,Nordeste,2018,2018,10269,Coeficiente de variação - Pessoas de 25 anos ou mais de idade,6794,Total,120704,Total
2,Grande Região,2,%,0.7,2,Nordeste,2018,2018,10269,Coeficiente de variação - Pessoas de 25 anos ou mais de idade,6794,Total,11627,Sem instrução e fundamental incompleto ou equivalente
2,Grande Região,2,%,1.3,2,Nordeste,2018,2018,10269,Coeficiente de variação - Pessoas de 25 anos ou mais de idade,6794,Total,48134,Fundamental completo e médio incompleto ou equivalente
2,Grande Região,2,%,1,2,Nordeste,2018,2018,10269,Coeficiente de variação - Pessoas de 25 anos ou mais de idade,6794,Total,48135,Médio completo ou equivalente e superior incompleto
2,Grande Região,2,%,2.9,2,Nordeste,2018,2018,10269,Coeficiente de variação - Pessoas de 25 anos ou mais de idade,6794,Total,99713,Superior completo
2,Grande Região,2,%,0.4,2,Nordeste,2018,2018,10269,Coeficiente de variação - Pessoas de 25 anos ou mais de idade,4,Homens,120704,Total
2,Grande Região,2,%,0.8,2,Nordeste,2018,2018,10269,Coeficiente de variação - Pessoas de 25 anos ou mais de idade,4,Homens,11627,Sem instrução e fundamental incompleto ou equivalente
2,Grande Região,2,%,1.8,2,Nordeste,2018,2018,10269,Coeficiente de variação - Pessoas de 25 anos ou mais de idade,4,Homens,48134,Fundamental completo e médio incompleto ou equivalente
2,Grande Região,2,%,1.3,2,Nordeste,2018,2018,10269,Coeficiente de variação - Pessoas de 25 anos ou mais de idade,4,Homens,48135,Médio completo ou equivalente e superior incompleto
2,Grande Região,2,%,3.6,2,Nordeste,2018,2018,10269,Coeficiente de variação - Pessoas de 25 anos ou mais de idade,4,Homens,99713,Superior completo
2,Grande Região,2,%,0.3,2,Nordeste,2018,2018,10269,Coeficiente de variação - Pessoas de 25 anos ou mais de idade,5,Mulheres,120704,Total
2,Grande Região,2,%,0.8,2,Nordeste,2018,2018,10269,Coeficiente de variação - Pessoas de 25 anos ou mais de idade,5,Mulheres,11627,Sem instrução e fundamental incompleto ou equivalente
2,Grande Região,2,%,1.7,2,Nordeste,2018,2018,10269,Coeficiente de variação - Pessoas de 25 anos ou mais de idade,5,Mulheres,48134,Fundamental completo e médio incompleto ou equivalente
2,Grande Região,2,%,1.2,2,Nordeste,2018,2018,10269,Coeficiente de variação - Pessoas de 25 anos ou mais de idade,5,Mulheres,48135,Médio completo ou equivalente e superior incompleto
2,Grande Região,2,%,2.8,2,Nordeste,2018,2018,10269,Coeficiente de variação - Pessoas de 25 anos ou mais de idade,5,Mulheres,99713,Superior completo
2,Grande Região,2,%,100,2,Nordeste,2018,2018,10270,Distribuição percentual das pessoas de 25 anos ou mais de idade,6794,Total,120704,Total
2,Grande Região,2,%,49,2,Nordeste,2018,2018,10270,Distribuição percentual das pessoas de 25 anos ou mais de idade,6794,Total,11627,Sem instrução e fundamental incompleto ou equivalente
2,Grande Região,2,%,11.4,2,Nordeste,2018,2018,10270,Distribuição percentual das pessoas de 25 anos ou mais de idade,6794,Total,48134,Fundamental completo e médio incompleto ou equivalente
2,Grande Região,2,%,28.4,2,Nordeste,2018,2018,10270,Distribuição percentual das pessoas de 25 anos ou mais de idade,6794,Total,48135,Médio completo ou equivalente e superior incompleto
2,Grande Região,2,%,11.2,2,Nordeste,2018,2018,10270,Distribuição percentual das pessoas de 25 anos ou mais de idade,6794,Total,99713,Superior completo
2,Grande Região,2,%,100,2,Nordeste,2018,2018,10270,Distribuição percentual das pessoas de 25 anos ou mais de idade,4,Homens,120704,Total
2,Grande Região,2,%,52.9,2,Nordeste,2018,2018,10270,Distribuição percentual das pessoas de 25 anos ou mais de idade,4,Homens,11627,Sem instrução e fundamental incompleto ou equivalente
2,Grande Região,2,%,11.6,2,Nordeste,2018,2018,10270,Distribuição percentual das pessoas de 25 anos ou mais de idade,4,Homens,48134,Fundamental completo e médio incompleto ou equivalente
2,Grande Região,2,%,26.7,2,Nordeste,2018,2018,10270,Distribuição percentual das pessoas de 25 anos ou mais de idade,4,Homens,48135,Médio completo ou equivalente e superior incompleto
2,Grande Região,2,%,8.9,2,Nordeste,2018,2018,10270,Distribuição percentual das pessoas de 25 anos ou mais de idade,4,Homens,99713,Superior completo
2,Grande Região,2,%,100,2,Nordeste,2018,2018,10270,Distribuição percentual das pessoas de 25 anos ou mais de idade,5,Mulheres,120704,Total
2,Grande Região,2,%,45.6,2,Nordeste,2018,2018,10270,Distribuição percentual das pessoas de 25 anos ou mais de idade,5,Mulheres,11627,Sem instrução e fundamental incompleto ou equivalente
2,Grande Região,2,%,11.2,2,Nordeste,2018,2018,10270,Distribuição percentual das pessoas de 25 anos ou mais de idade,5,Mulheres,48134,Fundamental completo e médio incompleto ou equivalente
2,Grande Região,2,%,29.8,2,Nordeste,2018,2018,10270,Distribuição percentual das pessoas de 25 anos ou mais de idade,5,Mulheres,48135,Médio completo ou equivalente e superior incompleto
2,Grande Região,2,%,13.3,2,Nordeste,2018,2018,10270,Distribuição percentual das pessoas de 25 anos ou mais de idade,5,Mulheres,99713,Superior completo
2,Grande Região,2,%,,2,Nordeste,2018,2018,10271,Coeficiente de variação - Distribuição percentual das pessoas de 25 anos ou mais de idade,6794,Total,120704,Total
2,Grande Região,2,%,0.7,2,Nordeste,2018,2018,10271,Coeficiente de variação - Distribuição percentual das pessoas de 25 anos ou mais de idade,6794,Total,11627,Sem instrução e fundamental incompleto ou equivalente
2,Grande Região,2,%,1.4,2,Nordeste,2018,2018,10271,Coeficiente de variação - Distribuição percentual das pessoas de 25 anos ou mais de idade,6794,Total,48134,Fundamental completo e médio incompleto ou equivalente
2,Grande Região,2,%,0.9,2,Nordeste,2018,2018,10271,Coeficiente de variação - Distribuição percentual das pessoas de 25 anos ou mais de idade,6794,Total,48135,Médio completo ou equivalente e superior incompleto
2,Grande Região,2,%,2.8,2,Nordeste,2018,2018,10271,Coeficiente de variação - Distribuição percentual das pessoas de 25 anos ou mais de idade,6794,Total,99713,Superior completo
2,Grande Região,2,%,,2,Nordeste,2018,2018,10271,Coeficiente de variação - Distribuição percentual das pessoas de 25 anos ou mais de idade,4,Homens,120704,Total
2,Grande Região,2,%,0.7,2,Nordeste,2018,2018,10271,Coeficiente de variação - Distribuição percentual das pessoas de 25 anos ou mais de idade,4,Homens,11627,Sem instrução e fundamental incompleto ou equivalente
2,Grande Região,2,%,1.8,2,Nordeste,2018,2018,10271,Coeficiente de variação - Distribuição percentual das pessoas de 25 anos ou mais de idade,4,Homens,48134,Fundamental completo e médio incompleto ou equivalente
2,Grande Região,2,%,1.2,2,Nordeste,2018,2018,10271,Coeficiente de variação - Distribuição percentual das pessoas de 25 anos ou mais de idade,4,Homens,48135,Médio completo ou equivalente e superior incompleto
2,Grande Região,2,%,3.6,2,Nordeste,2018,2018,10271,Coeficiente de variação - Distribuição percentual das pessoas de 25 anos ou mais de idade,4,Homens,99713,Superior completo
2,Grande Região,2,%,,2,Nordeste,2018,2018,10271,Coeficiente de variação - Distribuição percentual das pessoas de 25 anos ou mais de idade,5,Mulheres,120704,Total
2,Grande Região,2,%,0.8,2,Nordeste,2018,2018,10271,Coeficiente de variação - Distribuição percentual das pessoas de 25 anos ou mais de idade,5,Mulheres,11627,Sem instrução e fundamental incompleto ou equivalente
2,Grande Região,2,%,1.7,2,Nordeste,2018,2018,10271,Coeficiente de variação - Distribuição percentual das pessoas de 25 anos ou mais de idade,5,Mulheres,48134,Fundamental completo e médio incompleto ou equivalente
2,Grande Região,2,%,1,2,Nordeste,2018,2018,10271,Coeficiente de variação - Distribuição percentual das pessoas de 25 anos ou mais de idade,5,Mulheres,48135,Médio completo ou equivalente e superior incompleto
2,Grande Região,2,%,2.7,2,Nordeste,2018,2018,10271,Coeficiente de variação - Distribuição percentual das pessoas de 25 anos ou mais de idade,5,Mulheres,99713,Superior completo
2,Grande Região,1572,Mil pessoas,33653,2,Nordeste,2019,2019,1643,Pessoas de 25 anos ou mais de idade,6794,Total,120704,Total
2,Grande Região,1572,Mil pessoas,16168,2,Nordeste,2019,2019,1643,Pessoas de 25 anos ou mais de idade,6794,Total,11627,Sem instrução e fundamental incompleto ou equivalente
2,Grande Região,1572,Mil pessoas,3815,2,Nordeste,2019,2019,1643,Pessoas de 25 anos ou mais de idade,6794,Total,48134,Fundamental completo e médio incompleto ou equivalente
2,Grande Região,1572,Mil pessoas,9650,2,Nordeste,2019,2019,1643,Pessoas de 25 anos ou mais de idade,6794,Total,48135,Médio completo ou equivalente e superior incompleto
2,Grande Região,1572,Mil pessoas,4020,2,Nordeste,2019,2019,1643,Pessoas de 25 anos ou mais de idade,6794,Total,99713,Superior completo
2,Grande Região,1572,Mil pessoas,15902,2,Nordeste,2019,2019,1643,Pessoas de 25 anos ou mais de idade,4,Homens,120704,Total
2,Grande Região,1572,Mil pessoas,8211,2,Nordeste,2019,2019,1643,Pessoas de 25 anos ou mais de idade,4,Homens,11627,Sem instrução e fundamental incompleto ou equivalente
2,Grande Região,1572,Mil pessoas,1854,2,Nordeste,2019,2019,1643,Pessoas de 25 anos ou mais de idade,4,Homens,48134,Fundamental completo e médio incompleto ou equivalente
2,Grande Região,1572,Mil pessoas,4333,2,Nordeste,2019,2019,1643,Pessoas de 25 anos ou mais de idade,4,Homens,48135,Médio completo ou equivalente e superior incompleto
2,Grande Região,1572,Mil pessoas,1504,2,Nordeste,2019,2019,1643,Pessoas de 25 anos ou mais de idade,4,Homens,99713,Superior completo
2,Grande Região,1572,Mil pessoas,17751,2,Nordeste,2019,2019,1643,Pessoas de 25 anos ou mais de idade,5,Mulheres,120704,Total
2,Grande Região,1572,Mil pessoas,7956,2,Nordeste,2019,2019,1643,Pessoas de 25 anos ou mais de idade,5,Mulheres,11627,Sem instrução e fundamental incompleto ou equivalente
2,Grande Região,1572,Mil pessoas,1961,2,Nordeste,2019,2019,1643,Pessoas de 25 anos ou mais de idade,5,Mulheres,48134,Fundamental completo e médio incompleto ou equivalente
2,Grande Região,1572,Mil pessoas,5318,2,Nordeste,2019,2019,1643,Pessoas de 25 anos ou mais de idade,5,Mulheres,48135,Médio completo ou equivalente e superior incompleto
2,Grande Região,1572,Mil pessoas,2516,2,Nordeste,2019,2019,1643,Pessoas de 25 anos ou mais de idade,5,Mulheres,99713,Superior completo
2,Grande Região,2,%,0.3,2,Nordeste,2019,2019,10269,Coeficiente de variação - Pessoas de 25 anos ou mais de idade,6794,Total,120704,Total
2,Grande Região,2,%,0.7,2,Nordeste,2019,2019,10269,Coeficiente de variação - Pessoas de 25 anos ou mais de idade,6794,Total,11627,Sem instrução e fundamental incompleto ou equivalente
2,Grande Região,2,%,1.1,2,Nordeste,2019,2019,10269,Coeficiente de variação - Pessoas de 25 anos ou mais de idade,6794,Total,48134,Fundamental completo e médio incompleto ou equivalente
2,Grande Região,2,%,0.9,2,Nordeste,2019,2019,10269,Coeficiente de variação - Pessoas de 25 anos ou mais de idade,6794,Total,48135,Médio completo ou equivalente e superior incompleto
2,Grande Região,2,%,2.7,2,Nordeste,2019,2019,10269,Coeficiente de variação - Pessoas de 25 anos ou mais de idade,6794,Total,99713,Superior completo
2,Grande Região,2,%,0.4,2,Nordeste,2019,2019,10269,Coeficiente de variação - Pessoas de 25 anos ou mais de idade,4,Homens,120704,Total
2,Grande Região,2,%,0.9,2,Nordeste,2019,2019,10269,Coeficiente de variação - Pessoas de 25 anos ou mais de idade,4,Homens,11627,Sem instrução e fundamental incompleto ou equivalente
2,Grande Região,2,%,1.6,2,Nordeste,2019,2019,10269,Coeficiente de variação - Pessoas de 25 anos ou mais de idade,4,Homens,48134,Fundamental completo e médio incompleto ou equivalente
2,Grande Região,2,%,1.2,2,Nordeste,2019,2019,10269,Coeficiente de variação - Pessoas de 25 anos ou mais de idade,4,Homens,48135,Médio completo ou equivalente e superior incompleto
2,Grande Região,2,%,3.8,2,Nordeste,2019,2019,10269,Coeficiente de variação - Pessoas de 25 anos ou mais de idade,4,Homens,99713,Superior completo
2,Grande Região,2,%,0.4,2,Nordeste,2019,2019,10269,Coeficiente de variação - Pessoas de 25 anos ou mais de idade,5,Mulheres,120704,Total
2,Grande Região,2,%,0.8,2,Nordeste,2019,2019,10269,Coeficiente de variação - Pessoas de 25 anos ou mais de idade,5,Mulheres,11627,Sem instrução e fundamental incompleto ou equivalente
2,Grande Região,2,%,1.5,2,Nordeste,2019,2019,10269,Coeficiente de variação - Pessoas de 25 anos ou mais de idade,5,Mulheres,48134,Fundamental completo e médio incompleto ou equivalente
2,Grande Região,2,%,0.9,2,Nordeste,2019,2019,10269,Coeficiente de variação - Pessoas de 25 anos ou mais de idade,5,Mulheres,48135,Médio completo ou equivalente e superior incompleto
2,Grande Região,2,%,2.4,2,Nordeste,2019,2019,10269,Coeficiente de variação - Pessoas de 25 anos ou mais de idade,5,Mulheres,99713,Superior completo
2,Grande Região,2,%,100,2,Nordeste,2019,2019,10270,Distribuição percentual das pessoas de 25 anos ou mais de idade,6794,Total,120704,Total
2,Grande Região,2,%,48,2,Nordeste,2019,2019,10270,Distribuição percentual das pessoas de 25 anos ou mais de idade,6794,Total,11627,Sem instrução e fundamental incompleto ou equivalente
2,Grande Região,2,%,11.3,2,Nordeste,2019,2019,10270,Distribuição percentual das pessoas de 25 anos ou mais de idade,6794,Total,48134,Fundamental completo e médio incompleto ou equivalente
2,Grande Região,2,%,28.7,2,Nordeste,2019,2019,10270,Distribuição percentual das pessoas de 25 anos ou mais de idade,6794,Total,48135,Médio completo ou equivalente e superior incompleto
2,Grande Região,2,%,11.9,2,Nordeste,2019,2019,10270,Distribuição percentual das pessoas de 25 anos ou mais de idade,6794,Total,99713,Superior completo
2,Grande Região,2,%,100,2,Nordeste,2019,2019,10270,Distribuição percentual das pessoas de 25 anos ou mais de idade,4,Homens,120704,Total
2,Grande Região,2,%,51.6,2,Nordeste,2019,2019,10270,Distribuição percentual das pessoas de 25 anos ou mais de idade,4,Homens,11627,Sem instrução e fundamental incompleto ou equivalente
2,Grande Região,2,%,11.7,2,Nordeste,2019,2019,10270,Distribuição percentual das pessoas de 25 anos ou mais de idade,4,Homens,48134,Fundamental completo e médio incompleto ou equivalente
2,Grande Região,2,%,27.2,2,Nordeste,2019,2019,10270,Distribuição percentual das pessoas de 25 anos ou mais de idade,4,Homens,48135,Médio completo ou equivalente e superior incompleto
2,Grande Região,2,%,9.5,2,Nordeste,2019,2019,10270,Distribuição percentual das pessoas de 25 anos ou mais de idade,4,Homens,99713,Superior completo
2,Grande Região,2,%,100,2,Nordeste,2019,2019,10270,Distribuição percentual das pessoas de 25 anos ou mais de idade,5,Mulheres,120704,Total
2,Grande Região,2,%,44.8,2,Nordeste,2019,2019,10270,Distribuição percentual das pessoas de 25 anos ou mais de idade,5,Mulheres,11627,Sem instrução e fundamental incompleto ou equivalente
2,Grande Região,2,%,11,2,Nordeste,2019,2019,10270,Distribuição percentual das pessoas de 25 anos ou mais de idade,5,Mulheres,48134,Fundamental completo e médio incompleto ou equivalente
2,Grande Região,2,%,30,2,Nordeste,2019,2019,10270,Distribuição percentual das pessoas de 25 anos ou mais de idade,5,Mulheres,48135,Médio completo ou equivalente e superior incompleto
2,Grande Região,2,%,14.2,2,Nordeste,2019,2019,10270,Distribuição percentual das pessoas de 25 anos ou mais de idade,5,Mulheres,99713,Superior completo
2,Grande Região,2,%,,2,Nordeste,2019,2019,10271,Coeficiente de variação - Distribuição percentual das pessoas de 25 anos ou mais de idade,6794,Total,120704,Total
2,Grande Região,2,%,0.7,2,Nordeste,2019,2019,10271,Coeficiente de variação - Distribuição percentual das pessoas de 25 anos ou mais de idade,6794,Total,11627,Sem instrução e fundamental incompleto ou equivalente
2,Grande Região,2,%,1.2,2,Nordeste,2019,2019,10271,Coeficiente de variação - Distribuição percentual das pessoas de 25 anos ou mais de idade,6794,Total,48134,Fundamental completo e médio incompleto ou equivalente
2,Grande Região,2,%,0.8,2,Nordeste,2019,2019,10271,Coeficiente de variação - Distribuição percentual das pessoas de 25 anos ou mais de idade,6794,Total,48135,Médio completo ou equivalente e superior incompleto
2,Grande Região,2,%,2.6,2,Nordeste,2019,2019,10271,Coeficiente de variação - Distribuição percentual das pessoas de 25 anos ou mais de idade,6794,Total,99713,Superior completo
2,Grande Região,2,%,,2,Nordeste,2019,2019,10271,Coeficiente de variação - Distribuição percentual das pessoas de 25 anos ou mais de idade,4,Homens,120704,Total
2,Grande Região,2,%,0.8,2,Nordeste,2019,2019,10271,Coeficiente de variação - Distribuição percentual das pessoas de 25 anos ou mais de idade,4,Homens,11627,Sem instrução e fundamental incompleto ou equivalente
2,Grande Região,2,%,1.6,2,Nordeste,2019,2019,10271,Coeficiente de variação - Distribuição percentual das pessoas de 25 anos ou mais de idade,4,Homens,48134,Fundamental completo e médio incompleto ou equivalente
2,Grande Região,2,%,1.2,2,Nordeste,2019,2019,10271,Coeficiente de variação - Distribuição percentual das pessoas de 25 anos ou mais de idade,4,Homens,48135,Médio completo ou equivalente e superior incompleto
2,Grande Região,2,%,3.7,2,Nordeste,2019,2019,10271,Coeficiente de variação - Distribuição percentual das pessoas de 25 anos ou mais de idade,4,Homens,99713,Superior completo
2,Grande Região,2,%,,2,Nordeste,2019,2019,10271,Coeficiente de variação - Distribuição percentual das pessoas de 25 anos ou mais de idade,5,Mulheres,120704,Total
2,Grande Região,2,%,0.8,2,Nordeste,2019,2019,10271,Coeficiente de variação - Distribuição percentual das pessoas de 25 anos ou mais de idade,5,Mulheres,11627,Sem instrução e fundamental incompleto ou equivalente
2,Grande Região,2,%,1.5,2,Nordeste,2019,2019,10271,Coeficiente de variação - Distribuição percentual das pessoas de 25 anos ou mais de idade,5,Mulheres,48134,Fundamental completo e médio incompleto ou equivalente
2,Grande Região,2,%,0.8,2,Nordeste,2019,2019,10271,Coeficiente de variação - Distribuição percentual das pessoas de 25 anos ou mais de idade,5,Mulheres,48135,Médio completo ou equivalente e superior incompleto
2,Grande Região,2,%,2.3,2,Nordeste,2019,2019,10271,Coeficiente de variação - Distribuição percentual das pessoas de 25 anos ou mais de idade,5,Mulheres,99713,Superior completo
2,Grande Região,1572,Mil pessoas,35115,2,Nordeste,2022,2022,1643,Pessoas de 25 anos ou mais de idade,6794,Total,120704,Total
2,Grande Região,1572,Mil pessoas,15543,2,Nordeste,2022,2022,1643,Pessoas de 25 anos ou mais de idade,6794,Total,11627,Sem instrução e fundamental incompleto ou equivalente
2,Grande Região,1572,Mil pessoas,4199,2,Nordeste,2022,2022,1643,Pessoas de 25 anos ou mais de idade,6794,Total,48134,Fundamental completo e médio incompleto ou equivalente
2,Grande Região,1572,Mil pessoas,10972,2,Nordeste,2022,2022,1643,Pessoas de 25 anos ou mais de idade,6794,Total,48135,Médio completo ou equivalente e superior incompleto
2,Grande Região,1572,Mil pessoas,4401,2,Nordeste,2022,2022,1643,Pessoas de 25 anos ou mais de idade,6794,Total,99713,Superior completo
2,Grande Região,1572,Mil pessoas,16516,2,Nordeste,2022,2022,1643,Pessoas de 25 anos ou mais de idade,4,Homens,120704,Total
2,Grande Região,1572,Mil pessoas,7928,2,Nordeste,2022,2022,1643,Pessoas de 25 anos ou mais de idade,4,Homens,11627,Sem instrução e fundamental incompleto ou equivalente
2,Grande Região,1572,Mil pessoas,2020,2,Nordeste,2022,2022,1643,Pessoas de 25 anos ou mais de idade,4,Homens,48134,Fundamental completo e médio incompleto ou equivalente
2,Grande Região,1572,Mil pessoas,4926,2,Nordeste,2022,2022,1643,Pessoas de 25 anos ou mais de idade,4,Homens,48135,Médio completo ou equivalente e superior incompleto
2,Grande Região,1572,Mil pessoas,1642,2,Nordeste,2022,2022,1643,Pessoas de 25 anos ou mais de idade,4,Homens,99713,Superior completo
2,Grande Região,1572,Mil pessoas,18599,2,Nordeste,2022,2022,1643,Pessoas de 25 anos ou mais de idade,5,Mulheres,120704,Total
2,Grande Região,1572,Mil pessoas,7614,2,Nordeste,2022,2022,1643,Pessoas de 25 anos ou mais de idade,5,Mulheres,11627,Sem instrução e fundamental incompleto ou equivalente
2,Grande Região,1572,Mil pessoas,2180,2,Nordeste,2022,2022,1643,Pessoas de 25 anos ou mais de idade,5,Mulheres,48134,Fundamental completo e médio incompleto ou equivalente
2,Grande Região,1572,Mil pessoas,6046,2,Nordeste,2022,2022,1643,Pessoas de 25 anos ou mais de idade,5,Mulheres,48135,Médio completo ou equivalente e superior incompleto
2,Grande Região,1572,Mil pessoas,2759,2,Nordeste,2022,2022,1643,Pessoas de 25 anos ou mais de idade,5,Mulheres,99713,Superior completo
2,Grande Região,2,%,0.3,2,Nordeste,2022,2022,10269,Coeficiente de variação - Pessoas de 25 anos ou mais de idade,6794,Total,120704,Total
2,Grande Região,2,%,0.8,2,Nordeste,2022,2022,10269,Coeficiente de variação - Pessoas de 25 anos ou mais de idade,6794,Total,11627,Sem instrução e fundamental incompleto ou equivalente
2,Grande Região,2,%,1.3,2,Nordeste,2022,2022,10269,Coeficiente de variação - Pessoas de 25 anos ou mais de idade,6794,Total,48134,Fundamental completo e médio incompleto ou equivalente
2,Grande Região,2,%,1,2,Nordeste,2022,2022,10269,Coeficiente de variação - Pessoas de 25 anos ou mais de idade,6794,Total,48135,Médio completo ou equivalente e superior incompleto
2,Grande Região,2,%,2.2,2,Nordeste,2022,2022,10269,Coeficiente de variação - Pessoas de 25 anos ou mais de idade,6794,Total,99713,Superior completo
2,Grande Região,2,%,0.4,2,Nordeste,2022,2022,10269,Coeficiente de variação - Pessoas de 25 anos ou mais de idade,4,Homens,120704,Total
2,Grande Região,2,%,0.9,2,Nordeste,2022,2022,10269,Coeficiente de variação - Pessoas de 25 anos ou mais de idade,4,Homens,11627,Sem instrução e fundamental incompleto ou equivalente
2,Grande Região,2,%,1.9,2,Nordeste,2022,2022,10269,Coeficiente de variação - Pessoas de 25 anos ou mais de idade,4,Homens,48134,Fundamental completo e médio incompleto ou equivalente
2,Grande Região,2,%,1.4,2,Nordeste,2022,2022,10269,Coeficiente de variação - Pessoas de 25 anos ou mais de idade,4,Homens,48135,Médio completo ou equivalente e superior incompleto
2,Grande Região,2,%,2.8,2,Nordeste,2022,2022,10269,Coeficiente de variação - Pessoas de 25 anos ou mais de idade,4,Homens,99713,Superior completo
2,Grande Região,2,%,0.3,2,Nordeste,2022,2022,10269,Coeficiente de variação - Pessoas de 25 anos ou mais de idade,5,Mulheres,120704,Total
2,Grande Região,2,%,0.9,2,Nordeste,2022,2022,10269,Coeficiente de variação - Pessoas de 25 anos ou mais de idade,5,Mulheres,11627,Sem instrução e fundamental incompleto ou equivalente
2,Grande Região,2,%,1.6,2,Nordeste,2022,2022,10269,Coeficiente de variação - Pessoas de 25 anos ou mais de idade,5,Mulheres,48134,Fundamental completo e médio incompleto ou equivalente
2,Grande Região,2,%,1,2,Nordeste,2022,2022,10269,Coeficiente de variação - Pessoas de 25 anos ou mais de idade,5,Mulheres,48135,Médio completo ou equivalente e superior incompleto
2,Grande Região,2,%,2.2,2,Nordeste,2022,2022,10269,Coeficiente de variação - Pessoas de 25 anos ou mais de idade,5,Mulheres,99713,Superior completo
2,Grande Região,2,%,100,2,Nordeste,2022,2022,10270,Distribuição percentual das pessoas de 25 anos ou mais de idade,6794,Total,120704,Total
2,Grande Região,2,%,44.3,2,Nordeste,2022,2022,10270,Distribuição percentual das pessoas de 25 anos ou mais de idade,6794,Total,11627,Sem instrução e fundamental incompleto ou equivalente
2,Grande Região,2,%,12,2,Nordeste,2022,2022,10270,Distribuição percentual das pessoas de 25 anos ou mais de idade,6794,Total,48134,Fundamental completo e médio incompleto ou equivalente
2,Grande Região,2,%,31.2,2,Nordeste,2022,2022,10270,Distribuição percentual das pessoas de 25 anos ou mais de idade,6794,Total,48135,Médio completo ou equivalente e superior incompleto
2,Grande Região,2,%,12.5,2,Nordeste,2022,2022,10270,Distribuição percentual das pessoas de 25 anos ou mais de idade,6794,Total,99713,Superior completo
2,Grande Região,2,%,100,2,Nordeste,2022,2022,10270,Distribuição percentual das pessoas de 25 anos ou mais de idade,4,Homens,120704,Total
2,Grande Região,2,%,48,2,Nordeste,2022,2022,10270,Distribuição percentual das pessoas de 25 anos ou mais de idade,4,Homens,11627,Sem instrução e fundamental incompleto ou equivalente
2,Grande Região,2,%,12.2,2,Nordeste,2022,2022,10270,Distribuição percentual das pessoas de 25 anos ou mais de idade,4,Homens,48134,Fundamental completo e médio incompleto ou equivalente
2,Grande Região,2,%,29.8,2,Nordeste,2022,2022,10270,Distribuição percentual das pessoas de 25 anos ou mais de idade,4,Homens,48135,Médio completo ou equivalente e superior incompleto
2,Grande Região,2,%,9.9,2,Nordeste,2022,2022,10270,Distribuição percentual das pessoas de 25 anos ou mais de idade,4,Homens,99713,Superior completo
2,Grande Região,2,%,100,2,Nordeste,2022,2022,10270,Distribuição percentual das pessoas de 25 anos ou mais de idade,5,Mulheres,120704,Total
2,Grande Região,2,%,40.9,2,Nordeste,2022,2022,10270,Distribuição percentual das pessoas de 25 anos ou mais de idade,5,Mulheres,11627,Sem instrução e fundamental incompleto ou equivalente
2,Grande Região,2,%,11.7,2,Nordeste,2022,2022,10270,Distribuição percentual das pessoas de 25 anos ou mais de idade,5,Mulheres,48134,Fundamental completo e médio incompleto ou equivalente
2,Grande Região,2,%,32.5,2,Nordeste,2022,2022,10270,Distribuição percentual das pessoas de 25 anos ou mais de idade,5,Mulheres,48135,Médio completo ou equivalente e superior incompleto
2,Grande Região,2,%,14.8,2,Nordeste,2022,2022,10270,Distribuição percentual das pessoas de 25 anos ou mais de idade,5,Mulheres,99713,Superior completo
2,Grande Região,2,%,,2,Nordeste,2022,2022,10271,Coeficiente de variação - Distribuição percentual das pessoas de 25 anos ou mais de idade,6794,Total,120704,Total
2,Grande Região,2,%,0.8,2,Nordeste,2022,2022,10271,Coeficiente de variação - Distribuição percentual das pessoas de 25 anos ou mais de idade,6794,Total,11627,Sem instrução e fundamental incompleto ou equivalente
2,Grande Região,2,%,1.3,2,Nordeste,2022,2022,10271,Coeficiente de variação - Distribuição percentual das pessoas de 25 anos ou mais de idade,6794,Total,48134,Fundamental completo e médio incompleto ou equivalente
2,Grande Região,2,%,0.9,2,Nordeste,2022,2022,10271,Coeficiente de variação - Distribuição percentual das pessoas de 25 anos ou mais de idade,6794,Total,48135,Médio completo ou equivalente e superior incompleto
2,Grande Região,2,%,2.1,2,Nordeste,2022,2022,10271,Coeficiente de variação - Distribuição percentual das pessoas de 25 anos ou mais de idade,6794,Total,99713,Superior completo
2,Grande Região,2,%,,2,Nordeste,2022,2022,10271,Coeficiente de variação - Distribuição percentual das pessoas de 25 anos ou mais de idade,4,Homens,120704,Total
2,Grande Região,2,%,0.9,2,Nordeste,2022,2022,10271,Coeficiente de variação - Distribuição percentual das pessoas de 25 anos ou mais de idade,4,Homens,11627,Sem instrução e fundamental incompleto ou equivalente
2,Grande Região,2,%,1.9,2,Nordeste,2022,2022,10271,Coeficiente de variação - Distribuição percentual das pessoas de 25 anos ou mais de idade,4,Homens,48134,Fundamental completo e médio incompleto ou equivalente
2,Grande Região,2,%,1.2,2,Nordeste,2022,2022,10271,Coeficiente de variação - Distribuição percentual das pessoas de 25 anos ou mais de idade,4,Homens,48135,Médio completo ou equivalente e superior incompleto
2,Grande Região,2,%,2.8,2,Nordeste,2022,2022,10271,Coeficiente de variação - Distribuição percentual das pessoas de 25 anos ou mais de idade,4,Homens,99713,Superior completo
2,Grande Região,2,%,,2,Nordeste,2022,2022,10271,Coeficiente de variação - Distribuição percentual das pessoas de 25 anos ou mais de idade,5,Mulheres,120704,Total
2,Grande Região,2,%,0.9,2,Nordeste,2022,2022,10271,Coeficiente de variação - Distribuição percentual das pessoas de 25 anos ou mais de idade,5,Mulheres,11627,Sem instrução e fundamental incompleto ou equivalente
2,Grande Região,2,%,1.7,2,Nordeste,2022,2022,10271,Coeficiente de variação - Distribuição percentual das pessoas de 25 anos ou mais de idade,5,Mulheres,48134,Fundamental completo e médio incompleto ou equivalente
2,Grande Região,2,%,1,2,Nordeste,2022,2022,10271,Coeficiente de variação - Distribuição percentual das pessoas de 25 anos ou mais de idade,5,Mulheres,48135,Médio completo ou equivalente e superior incompleto
2,Grande Região,2,%,2.1,2,Nordeste,2022,2022,10271,Coeficiente de variação - Distribuição percentual das pessoas de 25 anos ou mais de idade,5,Mulheres,99713,Superior completo
2,Grande Região,1572,Mil pessoas,35646,2,Nordeste,2023,2023,1643,Pessoas de 25 anos ou mais de idade,6794,Total,120704,Total
2,Grande Região,1572,Mil pessoas,15345,2,Nordeste,2023,2023,1643,Pessoas de 25 anos ou mais de idade,6794,Total,11627,Sem instrução e fundamental incompleto ou equivalente
2,Grande Região,1572,Mil pessoas,4136,2,Nordeste,2023,2023,1643,Pessoas de 25 anos ou mais de idade,6794,Total,48134,Fundamental completo e médio incompleto ou equivalente
2,Grande Região,1572,Mil pessoas,11472,2,Nordeste,2023,2023,1643,Pessoas de 25 anos ou mais de idade,6794,Total,48135,Médio completo ou equivalente e superior incompleto
2,Grande Região,1572,Mil pessoas,4693,2,Nordeste,2023,2023,1643,Pessoas de 25 anos ou mais de idade,6794,Total,99713,Superior completo
2,Grande Região,1572,Mil pessoas,16762,2,Nordeste,2023,2023,1643,Pessoas de 25 anos ou mais de idade,4,Homens,120704,Total
2,Grande Região,1572,Mil pessoas,7822,2,Nordeste,2023,2023,1643,Pessoas de 25 anos ou mais de idade,4,Homens,11627,Sem instrução e fundamental incompleto ou equivalente
2,Grande Região,1572,Mil pessoas,1980,2,Nordeste,2023,2023,1643,Pessoas de 25 anos ou mais de idade,4,Homens,48134,Fundamental completo e médio incompleto ou equivalente
2,Grande Região,1572,Mil pessoas,5147,2,Nordeste,2023,2023,1643,Pessoas de 25 anos ou mais de idade,4,Homens,48135,Médio completo ou equivalente e superior incompleto
2,Grande Região,1572,Mil pessoas,1812,2,Nordeste,2023,2023,1643,Pessoas de 25 anos ou mais de idade,4,Homens,99713,Superior completo
2,Grande Região,1572,Mil pessoas,18884,2,Nordeste,2023,2023,1643,Pessoas de 25 anos ou mais de idade,5,Mulheres,120704,Total
2,Grande Região,1572,Mil pessoas,7523,2,Nordeste,2023,2023,1643,Pessoas de 25 anos ou mais de idade,5,Mulheres,11627,Sem instrução e fundamental incompleto ou equivalente
2,Grande Região,1572,Mil pessoas,2155,2,Nordeste,2023,2023,1643,Pessoas de 25 anos ou mais de idade,5,Mulheres,48134,Fundamental completo e médio incompleto ou equivalente
2,Grande Região,1572,Mil pessoas,6325,2,Nordeste,2023,2023,1643,Pessoas de 25 anos ou mais de idade,5,Mulheres,48135,Médio completo ou equivalente e superior incompleto
2,Grande Região,1572,Mil pessoas,2881,2,Nordeste,2023,2023,1643,Pessoas de 25 anos ou mais de idade,5,Mulheres,99713,Superior completo
2,Grande Região,2,%,0.3,2,Nordeste,2023,2023,10269,Coeficiente de variação - Pessoas de 25 anos ou mais de idade,6794,Total,120704,Total
2,Grande Região,2,%,0.8,2,Nordeste,2023,2023,10269,Coeficiente de variação - Pessoas de 25 anos ou mais de idade,6794,Total,11627,Sem instrução e fundamental incompleto ou equivalente
2,Grande Região,2,%,1.2,2,Nordeste,2023,2023,10269,Coeficiente de variação - Pessoas de 25 anos ou mais de idade,6794,Total,48134,Fundamental completo e médio incompleto ou equivalente
2,Grande Região,2,%,0.9,2,Nordeste,2023,2023,10269,Coeficiente de variação - Pessoas de 25 anos ou mais de idade,6794,Total,48135,Médio completo ou equivalente e superior incompleto
2,Grande Região,2,%,2.3,2,Nordeste,2023,2023,10269,Coeficiente de variação - Pessoas de 25 anos ou mais de idade,6794,Total,99713,Superior completo
2,Grande Região,2,%,0.4,2,Nordeste,2023,2023,10269,Coeficiente de variação - Pessoas de 25 anos ou mais de idade,4,Homens,120704,Total
2,Grande Região,2,%,0.9,2,Nordeste,2023,2023,10269,Coeficiente de variação - Pessoas de 25 anos ou mais de idade,4,Homens,11627,Sem instrução e fundamental incompleto ou equivalente
2,Grande Região,2,%,1.9,2,Nordeste,2023,2023,10269,Coeficiente de variação - Pessoas de 25 anos ou mais de idade,4,Homens,48134,Fundamental completo e médio incompleto ou equivalente
2,Grande Região,2,%,1.3,2,Nordeste,2023,2023,10269,Coeficiente de variação - Pessoas de 25 anos ou mais de idade,4,Homens,48135,Médio completo ou equivalente e superior incompleto
2,Grande Região,2,%,2.9,2,Nordeste,2023,2023,10269,Coeficiente de variação - Pessoas de 25 anos ou mais de idade,4,Homens,99713,Superior completo
2,Grande Região,2,%,0.3,2,Nordeste,2023,2023,10269,Coeficiente de variação - Pessoas de 25 anos ou mais de idade,5,Mulheres,120704,Total
2,Grande Região,2,%,0.8,2,Nordeste,2023,2023,10269,Coeficiente de variação - Pessoas de 25 anos ou mais de idade,5,Mulheres,11627,Sem instrução e fundamental incompleto ou equivalente
2,Grande Região,2,%,1.6,2,Nordeste,2023,2023,10269,Coeficiente de variação - Pessoas de 25 anos ou mais de idade,5,Mulheres,48134,Fundamental completo e médio incompleto ou equivalente
2,Grande Região,2,%,1,2,Nordeste,2023,2023,10269,Coeficiente de variação - Pessoas de 25 anos ou mais de idade,5,Mulheres,48135,Médio completo ou equivalente e superior incompleto
2,Grande Região,2,%,2.2,2,Nordeste,2023,2023,10269,Coeficiente de variação - Pessoas de 25 anos ou mais de idade,5,Mulheres,99713,Superior completo
2,Grande Região,2,%,100,2,Nordeste,2023,2023,10270,Distribuição percentual das pessoas de 25 anos ou mais de idade,6794,Total,120704,Total
2,Grande Região,2,%,43,2,Nordeste,2023,2023,10270,Distribuição percentual das pessoas de 25 anos ou mais de idade,6794,Total,11627,Sem instrução e fundamental incompleto ou equivalente
2,Grande Região,2,%,11.6,2,Nordeste,2023,2023,10270,Distribuição percentual das pessoas de 25 anos ou mais de idade,6794,Total,48134,Fundamental completo e médio incompleto ou equivalente
2,Grande Região,2,%,32.2,2,Nordeste,2023,2023,10270,Distribuição percentual das pessoas de 25 anos ou mais de idade,6794,Total,48135,Médio completo ou equivalente e superior incompleto
2,Grande Região,2,%,13.2,2,Nordeste,2023,2023,10270,Distribuição percentual das pessoas de 25 anos ou mais de idade,6794,Total,99713,Superior completo
2,Grande Região,2,%,100,2,Nordeste,2023,2023,10270,Distribuição percentual das pessoas de 25 anos ou mais de idade,4,Homens,120704,Total
2,Grande Região,2,%,46.7,2,Nordeste,2023,2023,10270,Distribuição percentual das pessoas de 25 anos ou mais de idade,4,Homens,11627,Sem instrução e fundamental incompleto ou equivalente
2,Grande Região,2,%,11.8,2,Nordeste,2023,2023,10270,Distribuição percentual das pessoas de 25 anos ou mais de idade,4,Homens,48134,Fundamental completo e médio incompleto ou equivalente
2,Grande Região,2,%,30.7,2,Nordeste,2023,2023,10270,Distribuição percentual das pessoas de 25 anos ou mais de idade,4,Homens,48135,Médio completo ou equivalente e superior incompleto
2,Grande Região,2,%,10.8,2,Nordeste,2023,2023,10270,Distribuição percentual das pessoas de 25 anos ou mais de idade,4,Homens,99713,Superior completo
2,Grande Região,2,%,100,2,Nordeste,2023,2023,10270,Distribuição percentual das pessoas de 25 anos ou mais de idade,5,Mulheres,120704,Total
2,Grande Região,2,%,39.8,2,Nordeste,2023,2023,10270,Distribuição percentual das pessoas de 25 anos ou mais de idade,5,Mulheres,11627,Sem instrução e fundamental incompleto ou equivalente
2,Grande Região,2,%,11.4,2,Nordeste,2023,2023,10270,Distribuição percentual das pessoas de 25 anos ou mais de idade,5,Mulheres,48134,Fundamental completo e médio incompleto ou equivalente
2,Grande Região,2,%,33.5,2,Nordeste,2023,2023,10270,Distribuição percentual das pessoas de 25 anos ou mais de idade,5,Mulheres,48135,Médio completo ou equivalente e superior incompleto
2,Grande Região,2,%,15.3,2,Nordeste,2023,2023,10270,Distribuição percentual das pessoas de 25 anos ou mais de idade,5,Mulheres,99713,Superior completo
2,Grande Região,2,%,,2,Nordeste,2023,2023,10271,Coeficiente de variação - Distribuição percentual das pessoas de 25 anos ou mais de idade,6794,Total,120704,Total
2,Grande Região,2,%,0.8,2,Nordeste,2023,2023,10271,Coeficiente de variação - Distribuição percentual das pessoas de 25 anos ou mais de idade,6794,Total,11627,Sem instrução e fundamental incompleto ou equivalente
2,Grande Região,2,%,1.3,2,Nordeste,2023,2023,10271,Coeficiente de variação - Distribuição percentual das pessoas de 25 anos ou mais de idade,6794,Total,48134,Fundamental completo e médio incompleto ou equivalente
2,Grande Região,2,%,0.8,2,Nordeste,2023,2023,10271,Coeficiente de variação - Distribuição percentual das pessoas de 25 anos ou mais de idade,6794,Total,48135,Médio completo ou equivalente e superior incompleto
2,Grande Região,2,%,2.2,2,Nordeste,2023,2023,10271,Coeficiente de variação - Distribuição percentual das pessoas de 25 anos ou mais de idade,6794,Total,99713,Superior completo
2,Grande Região,2,%,,2,Nordeste,2023,2023,10271,Coeficiente de variação - Distribuição percentual das pessoas de 25 anos ou mais de idade,4,Homens,120704,Total
2,Grande Região,2,%,0.9,2,Nordeste,2023,2023,10271,Coeficiente de variação - Distribuição percentual das pessoas de 25 anos ou mais de idade,4,Homens,11627,Sem instrução e fundamental incompleto ou equivalente
2,Grande Região,2,%,1.9,2,Nordeste,2023,2023,10271,Coeficiente de variação - Distribuição percentual das pessoas de 25 anos ou mais de idade,4,Homens,48134,Fundamental completo e médio incompleto ou equivalente
2,Grande Região,2,%,1.1,2,Nordeste,2023,2023,10271,Coeficiente de variação - Distribuição percentual das pessoas de 25 anos ou mais de idade,4,Homens,48135,Médio completo ou equivalente e superior incompleto
2,Grande Região,2,%,2.8,2,Nordeste,2023,2023,10271,Coeficiente de variação - Distribuição percentual das pessoas de 25 anos ou mais de idade,4,Homens,99713,Superior completo
2,Grande Região,2,%,,2,Nordeste,2023,2023,10271,Coeficiente de variação - Distribuição percentual das pessoas de 25 anos ou mais de idade,5,Mulheres,120704,Total
2,Grande Região,2,%,0.8,2,Nordeste,2023,2023,10271,Coeficiente de variação - Distribuição percentual das pessoas de 25 anos ou mais de idade,5,Mulheres,11627,Sem instrução e fundamental incompleto ou equivalente
2,Grande Região,2,%,1.5,2,Nordeste,2023,2023,10271,Coeficiente de variação - Distribuição percentual das pessoas de 25 anos ou mais de idade,5,Mulheres,48134,Fundamental completo e médio incompleto ou equivalente
2,Grande Região,2,%,0.9,2,Nordeste,2023,2023,10271,Coeficiente de variação - Distribuição percentual das pessoas de 25 anos ou mais de idade,5,Mulheres,48135,Médio completo ou equivalente e superior incompleto
2,Grande Região,2,%,2.2,2,Nordeste,2023,2023,10271,Coeficiente de variação - Distribuição percentual das pessoas de 25 anos ou mais de idade,5,Mulheres,99713,Superior completo
2,Grande Região,1572,Mil pessoas,55333,3,Sudeste,2016,2016,1643,Pessoas de 25 anos ou mais de idade,6794,Total,120704,Total
2,Grande Região,1572,Mil pessoas,18862,3,Sudeste,2016,2016,1643,Pessoas de 25 anos ou mais de idade,6794,Total,11627,Sem instrução e fundamental incompleto ou equivalente
2,Grande Região,1572,Mil pessoas,7639,3,Sudeste,2016,2016,1643,Pessoas de 25 anos ou mais de idade,6794,Total,48134,Fundamental completo e médio incompleto ou equivalente
2,Grande Região,1572,Mil pessoas,18525,3,Sudeste,2016,2016,1643,Pessoas de 25 anos ou mais de idade,6794,Total,48135,Médio completo ou equivalente e superior incompleto
2,Grande Região,1572,Mil pessoas,10309,3,Sudeste,2016,2016,1643,Pessoas de 25 anos ou mais de idade,6794,Total,99713,Superior completo
2,Grande Região,1572,Mil pessoas,26232,3,Sudeste,2016,2016,1643,Pessoas de 25 anos ou mais de idade,4,Homens,120704,Total
2,Grande Região,1572,Mil pessoas,8947,3,Sudeste,2016,2016,1643,Pessoas de 25 anos ou mais de idade,4,Homens,11627,Sem instrução e fundamental incompleto ou equivalente
2,Grande Região,1572,Mil pessoas,3775,3,Sudeste,2016,2016,1643,Pessoas de 25 anos ou mais de idade,4,Homens,48134,Fundamental completo e médio incompleto ou equivalente
2,Grande Região,1572,Mil pessoas,8924,3,Sudeste,2016,2016,1643,Pessoas de 25 anos ou mais de idade,4,Homens,48135,Médio completo ou equivalente e superior incompleto
2,Grande Região,1572,Mil pessoas,4586,3,Sudeste,2016,2016,1643,Pessoas de 25 anos ou mais de idade,4,Homens,99713,Superior completo
2,Grande Região,1572,Mil pessoas,29101,3,Sudeste,2016,2016,1643,Pessoas de 25 anos ou mais de idade,5,Mulheres,120704,Total
2,Grande Região,1572,Mil pessoas,9915,3,Sudeste,2016,2016,1643,Pessoas de 25 anos ou mais de idade,5,Mulheres,11627,Sem instrução e fundamental incompleto ou equivalente
2,Grande Região,1572,Mil pessoas,3863,3,Sudeste,2016,2016,1643,Pessoas de 25 anos ou mais de idade,5,Mulheres,48134,Fundamental completo e médio incompleto ou equivalente
2,Grande Região,1572,Mil pessoas,9600,3,Sudeste,2016,2016,1643,Pessoas de 25 anos ou mais de idade,5,Mulheres,48135,Médio completo ou equivalente e superior incompleto
2,Grande Região,1572,Mil pessoas,5723,3,Sudeste,2016,2016,1643,Pessoas de 25 anos ou mais de idade,5,Mulheres,99713,Superior completo
2,Grande Região,2,%,0.2,3,Sudeste,2016,2016,10269,Coeficiente de variação - Pessoas de 25 anos ou mais de idade,6794,Total,120704,Total
2,Grande Região,2,%,1.1,3,Sudeste,2016,2016,10269,Coeficiente de variação - Pessoas de 25 anos ou mais de idade,6794,Total,11627,Sem instrução e fundamental incompleto ou equivalente
2,Grande Região,2,%,1.3,3,Sudeste,2016,2016,10269,Coeficiente de variação - Pessoas de 25 anos ou mais de idade,6794,Total,48134,Fundamental completo e médio incompleto ou equivalente
2,Grande Região,2,%,0.9,3,Sudeste,2016,2016,10269,Coeficiente de variação - Pessoas de 25 anos ou mais de idade,6794,Total,48135,Médio completo ou equivalente e superior incompleto
2,Grande Região,2,%,2.7,3,Sudeste,2016,2016,10269,Coeficiente de variação - Pessoas de 25 anos ou mais de idade,6794,Total,99713,Superior completo
2,Grande Região,2,%,0.3,3,Sudeste,2016,2016,10269,Coeficiente de variação - Pessoas de 25 anos ou mais de idade,4,Homens,120704,Total
2,Grande Região,2,%,1.2,3,Sudeste,2016,2016,10269,Coeficiente de variação - Pessoas de 25 anos ou mais de idade,4,Homens,11627,Sem instrução e fundamental incompleto ou equivalente
2,Grande Região,2,%,1.8,3,Sudeste,2016,2016,10269,Coeficiente de variação - Pessoas de 25 anos ou mais de idade,4,Homens,48134,Fundamental completo e médio incompleto ou equivalente
2,Grande Região,2,%,1.2,3,Sudeste,2016,2016,10269,Coeficiente de variação - Pessoas de 25 anos ou mais de idade,4,Homens,48135,Médio completo ou equivalente e superior incompleto
2,Grande Região,2,%,3.3,3,Sudeste,2016,2016,10269,Coeficiente de variação - Pessoas de 25 anos ou mais de idade,4,Homens,99713,Superior completo
2,Grande Região,2,%,0.3,3,Sudeste,2016,2016,10269,Coeficiente de variação - Pessoas de 25 anos ou mais de idade,5,Mulheres,120704,Total
2,Grande Região,2,%,1.1,3,Sudeste,2016,2016,10269,Coeficiente de variação - Pessoas de 25 anos ou mais de idade,5,Mulheres,11627,Sem instrução e fundamental incompleto ou equivalente
2,Grande Região,2,%,1.5,3,Sudeste,2016,2016,10269,Coeficiente de variação - Pessoas de 25 anos ou mais de idade,5,Mulheres,48134,Fundamental completo e médio incompleto ou equivalente
2,Grande Região,2,%,1,3,Sudeste,2016,2016,10269,Coeficiente de variação - Pessoas de 25 anos ou mais de idade,5,Mulheres,48135,Médio completo ou equivalente e superior incompleto
2,Grande Região,2,%,2.5,3,Sudeste,2016,2016,10269,Coeficiente de variação - Pessoas de 25 anos ou mais de idade,5,Mulheres,99713,Superior completo
2,Grande Região,2,%,100,3,Sudeste,2016,2016,10270,Distribuição percentual das pessoas de 25 anos ou mais de idade,6794,Total,120704,Total
2,Grande Região,2,%,34.1,3,Sudeste,2016,2016,10270,Distribuição percentual das pessoas de 25 anos ou mais de idade,6794,Total,11627,Sem instrução e fundamental incompleto ou equivalente
2,Grande Região,2,%,13.8,3,Sudeste,2016,2016,10270,Distribuição percentual das pessoas de 25 anos ou mais de idade,6794,Total,48134,Fundamental completo e médio incompleto ou equivalente
2,Grande Região,2,%,33.5,3,Sudeste,2016,2016,10270,Distribuição percentual das pessoas de 25 anos ou mais de idade,6794,Total,48135,Médio completo ou equivalente e superior incompleto
2,Grande Região,2,%,18.6,3,Sudeste,2016,2016,10270,Distribuição percentual das pessoas de 25 anos ou mais de idade,6794,Total,99713,Superior completo
2,Grande Região,2,%,100,3,Sudeste,2016,2016,10270,Distribuição percentual das pessoas de 25 anos ou mais de idade,4,Homens,120704,Total
2,Grande Região,2,%,34.1,3,Sudeste,2016,2016,10270,Distribuição percentual das pessoas de 25 anos ou mais de idade,4,Homens,11627,Sem instrução e fundamental incompleto ou equivalente
2,Grande Região,2,%,14.4,3,Sudeste,2016,2016,10270,Distribuição percentual das pessoas de 25 anos ou mais de idade,4,Homens,48134,Fundamental completo e médio incompleto ou equivalente
2,Grande Região,2,%,34,3,Sudeste,2016,2016,10270,Distribuição percentual das pessoas de 25 anos ou mais de idade,4,Homens,48135,Médio completo ou equivalente e superior incompleto
2,Grande Região,2,%,17.5,3,Sudeste,2016,2016,10270,Distribuição percentual das pessoas de 25 anos ou mais de idade,4,Homens,99713,Superior completo
2,Grande Região,2,%,100,3,Sudeste,2016,2016,10270,Distribuição percentual das pessoas de 25 anos ou mais de idade,5,Mulheres,120704,Total
2,Grande Região,2,%,34.1,3,Sudeste,2016,2016,10270,Distribuição percentual das pessoas de 25 anos ou mais de idade,5,Mulheres,11627,Sem instrução e fundamental incompleto ou equivalente
2,Grande Região,2,%,13.3,3,Sudeste,2016,2016,10270,Distribuição percentual das pessoas de 25 anos ou mais de idade,5,Mulheres,48134,Fundamental completo e médio incompleto ou equivalente
2,Grande Região,2,%,33,3,Sudeste,2016,2016,10270,Distribuição percentual das pessoas de 25 anos ou mais de idade,5,Mulheres,48135,Médio completo ou equivalente e superior incompleto
2,Grande Região,2,%,19.7,3,Sudeste,2016,2016,10270,Distribuição percentual das pessoas de 25 anos ou mais de idade,5,Mulheres,99713,Superior completo
2,Grande Região,2,%,,3,Sudeste,2016,2016,10271,Coeficiente de variação - Distribuição percentual das pessoas de 25 anos ou mais de idade,6794,Total,120704,Total
2,Grande Região,2,%,1.1,3,Sudeste,2016,2016,10271,Coeficiente de variação - Distribuição percentual das pessoas de 25 anos ou mais de idade,6794,Total,11627,Sem instrução e fundamental incompleto ou equivalente
2,Grande Região,2,%,1.4,3,Sudeste,2016,2016,10271,Coeficiente de variação - Distribuição percentual das pessoas de 25 anos ou mais de idade,6794,Total,48134,Fundamental completo e médio incompleto ou equivalente
2,Grande Região,2,%,0.9,3,Sudeste,2016,2016,10271,Coeficiente de variação - Distribuição percentual das pessoas de 25 anos ou mais de idade,6794,Total,48135,Médio completo ou equivalente e superior incompleto
2,Grande Região,2,%,2.7,3,Sudeste,2016,2016,10271,Coeficiente de variação - Distribuição percentual das pessoas de 25 anos ou mais de idade,6794,Total,99713,Superior completo
2,Grande Região,2,%,,3,Sudeste,2016,2016,10271,Coeficiente de variação - Distribuição percentual das pessoas de 25 anos ou mais de idade,4,Homens,120704,Total
2,Grande Região,2,%,1.2,3,Sudeste,2016,2016,10271,Coeficiente de variação - Distribuição percentual das pessoas de 25 anos ou mais de idade,4,Homens,11627,Sem instrução e fundamental incompleto ou equivalente
2,Grande Região,2,%,1.8,3,Sudeste,2016,2016,10271,Coeficiente de variação - Distribuição percentual das pessoas de 25 anos ou mais de idade,4,Homens,48134,Fundamental completo e médio incompleto ou equivalente
2,Grande Região,2,%,1.2,3,Sudeste,2016,2016,10271,Coeficiente de variação - Distribuição percentual das pessoas de 25 anos ou mais de idade,4,Homens,48135,Médio completo ou equivalente e superior incompleto
2,Grande Região,2,%,3.2,3,Sudeste,2016,2016,10271,Coeficiente de variação - Distribuição percentual das pessoas de 25 anos ou mais de idade,4,Homens,99713,Superior completo
2,Grande Região,2,%,,3,Sudeste,2016,2016,10271,Coeficiente de variação - Distribuição percentual das pessoas de 25 anos ou mais de idade,5,Mulheres,120704,Total
2,Grande Região,2,%,1.1,3,Sudeste,2016,2016,10271,Coeficiente de variação - Distribuição percentual das pessoas de 25 anos ou mais de idade,5,Mulheres,11627,Sem instrução e fundamental incompleto ou equivalente
2,Grande Região,2,%,1.5,3,Sudeste,2016,2016,10271,Coeficiente de variação - Distribuição percentual das pessoas de 25 anos ou mais de idade,5,Mulheres,48134,Fundamental completo e médio incompleto ou equivalente
2,Grande Região,2,%,1,3,Sudeste,2016,2016,10271,Coeficiente de variação - Distribuição percentual das pessoas de 25 anos ou mais de idade,5,Mulheres,48135,Médio completo ou equivalente e superior incompleto
2,Grande Região,2,%,2.4,3,Sudeste,2016,2016,10271,Coeficiente de variação - Distribuição percentual das pessoas de 25 anos ou mais de idade,5,Mulheres,99713,Superior completo
2,Grande Região,1572,Mil pessoas,55837,3,Sudeste,2017,2017,1643,Pessoas de 25 anos ou mais de idade,6794,Total,120704,Total
2,Grande Região,1572,Mil pessoas,18481,3,Sudeste,2017,2017,1643,Pessoas de 25 anos ou mais de idade,6794,Total,11627,Sem instrução e fundamental incompleto ou equivalente
2,Grande Região,1572,Mil pessoas,7661,3,Sudeste,2017,2017,1643,Pessoas de 25 anos ou mais de idade,6794,Total,48134,Fundamental completo e médio incompleto ou equivalente
2,Grande Região,1572,Mil pessoas,19196,3,Sudeste,2017,2017,1643,Pessoas de 25 anos ou mais de idade,6794,Total,48135,Médio completo ou equivalente e superior incompleto
2,Grande Região,1572,Mil pessoas,10498,3,Sudeste,2017,2017,1643,Pessoas de 25 anos ou mais de idade,6794,Total,99713,Superior completo
2,Grande Região,1572,Mil pessoas,26474,3,Sudeste,2017,2017,1643,Pessoas de 25 anos ou mais de idade,4,Homens,120704,Total
2,Grande Região,1572,Mil pessoas,8804,3,Sudeste,2017,2017,1643,Pessoas de 25 anos ou mais de idade,4,Homens,11627,Sem instrução e fundamental incompleto ou equivalente
2,Grande Região,1572,Mil pessoas,3823,3,Sudeste,2017,2017,1643,Pessoas de 25 anos ou mais de idade,4,Homens,48134,Fundamental completo e médio incompleto ou equivalente
2,Grande Região,1572,Mil pessoas,9239,3,Sudeste,2017,2017,1643,Pessoas de 25 anos ou mais de idade,4,Homens,48135,Médio completo ou equivalente e superior incompleto
2,Grande Região,1572,Mil pessoas,4608,3,Sudeste,2017,2017,1643,Pessoas de 25 anos ou mais de idade,4,Homens,99713,Superior completo
2,Grande Região,1572,Mil pessoas,29362,3,Sudeste,2017,2017,1643,Pessoas de 25 anos ou mais de idade,5,Mulheres,120704,Total
2,Grande Região,1572,Mil pessoas,9677,3,Sudeste,2017,2017,1643,Pessoas de 25 anos ou mais de idade,5,Mulheres,11627,Sem instrução e fundamental incompleto ou equivalente
2,Grande Região,1572,Mil pessoas,3837,3,Sudeste,2017,2017,1643,Pessoas de 25 anos ou mais de idade,5,Mulheres,48134,Fundamental completo e médio incompleto ou equivalente
2,Grande Região,1572,Mil pessoas,9958,3,Sudeste,2017,2017,1643,Pessoas de 25 anos ou mais de idade,5,Mulheres,48135,Médio completo ou equivalente e superior incompleto
2,Grande Região,1572,Mil pessoas,5890,3,Sudeste,2017,2017,1643,Pessoas de 25 anos ou mais de idade,5,Mulheres,99713,Superior completo
2,Grande Região,2,%,0.2,3,Sudeste,2017,2017,10269,Coeficiente de variação - Pessoas de 25 anos ou mais de idade,6794,Total,120704,Total
2,Grande Região,2,%,1,3,Sudeste,2017,2017,10269,Coeficiente de variação - Pessoas de 25 anos ou mais de idade,6794,Total,11627,Sem instrução e fundamental incompleto ou equivalente
2,Grande Região,2,%,1.3,3,Sudeste,2017,2017,10269,Coeficiente de variação - Pessoas de 25 anos ou mais de idade,6794,Total,48134,Fundamental completo e médio incompleto ou equivalente
2,Grande Região,2,%,0.9,3,Sudeste,2017,2017,10269,Coeficiente de variação - Pessoas de 25 anos ou mais de idade,6794,Total,48135,Médio completo ou equivalente e superior incompleto
2,Grande Região,2,%,2.4,3,Sudeste,2017,2017,10269,Coeficiente de variação - Pessoas de 25 anos ou mais de idade,6794,Total,99713,Superior completo
2,Grande Região,2,%,0.3,3,Sudeste,2017,2017,10269,Coeficiente de variação - Pessoas de 25 anos ou mais de idade,4,Homens,120704,Total
2,Grande Região,2,%,1.1,3,Sudeste,2017,2017,10269,Coeficiente de variação - Pessoas de 25 anos ou mais de idade,4,Homens,11627,Sem instrução e fundamental incompleto ou equivalente
2,Grande Região,2,%,1.8,3,Sudeste,2017,2017,10269,Coeficiente de variação - Pessoas de 25 anos ou mais de idade,4,Homens,48134,Fundamental completo e médio incompleto ou equivalente
2,Grande Região,2,%,1.2,3,Sudeste,2017,2017,10269,Coeficiente de variação - Pessoas de 25 anos ou mais de idade,4,Homens,48135,Médio completo ou equivalente e superior incompleto
2,Grande Região,2,%,2.8,3,Sudeste,2017,2017,10269,Coeficiente de variação - Pessoas de 25 anos ou mais de idade,4,Homens,99713,Superior completo
2,Grande Região,2,%,0.3,3,Sudeste,2017,2017,10269,Coeficiente de variação - Pessoas de 25 anos ou mais de idade,5,Mulheres,120704,Total
2,Grande Região,2,%,1,3,Sudeste,2017,2017,10269,Coeficiente de variação - Pessoas de 25 anos ou mais de idade,5,Mulheres,11627,Sem instrução e fundamental incompleto ou equivalente
2,Grande Região,2,%,1.6,3,Sudeste,2017,2017,10269,Coeficiente de variação - Pessoas de 25 anos ou mais de idade,5,Mulheres,48134,Fundamental completo e médio incompleto ou equivalente
2,Grande Região,2,%,0.9,3,Sudeste,2017,2017,10269,Coeficiente de variação - Pessoas de 25 anos ou mais de idade,5,Mulheres,48135,Médio completo ou equivalente e superior incompleto
2,Grande Região,2,%,2.2,3,Sudeste,2017,2017,10269,Coeficiente de variação - Pessoas de 25 anos ou mais de idade,5,Mulheres,99713,Superior completo
2,Grande Região,2,%,100,3,Sudeste,2017,2017,10270,Distribuição percentual das pessoas de 25 anos ou mais de idade,6794,Total,120704,Total
2,Grande Região,2,%,33.1,3,Sudeste,2017,2017,10270,Distribuição percentual das pessoas de 25 anos ou mais de idade,6794,Total,11627,Sem instrução e fundamental incompleto ou equivalente
2,Grande Região,2,%,13.7,3,Sudeste,2017,2017,10270,Distribuição percentual das pessoas de 25 anos ou mais de idade,6794,Total,48134,Fundamental completo e médio incompleto ou equivalente
2,Grande Região,2,%,34.4,3,Sudeste,2017,2017,10270,Distribuição percentual das pessoas de 25 anos ou mais de idade,6794,Total,48135,Médio completo ou equivalente e superior incompleto
2,Grande Região,2,%,18.8,3,Sudeste,2017,2017,10270,Distribuição percentual das pessoas de 25 anos ou mais de idade,6794,Total,99713,Superior completo
2,Grande Região,2,%,100,3,Sudeste,2017,2017,10270,Distribuição percentual das pessoas de 25 anos ou mais de idade,4,Homens,120704,Total
2,Grande Região,2,%,33.3,3,Sudeste,2017,2017,10270,Distribuição percentual das pessoas de 25 anos ou mais de idade,4,Homens,11627,Sem instrução e fundamental incompleto ou equivalente
2,Grande Região,2,%,14.4,3,Sudeste,2017,2017,10270,Distribuição percentual das pessoas de 25 anos ou mais de idade,4,Homens,48134,Fundamental completo e médio incompleto ou equivalente
2,Grande Região,2,%,34.9,3,Sudeste,2017,2017,10270,Distribuição percentual das pessoas de 25 anos ou mais de idade,4,Homens,48135,Médio completo ou equivalente e superior incompleto
2,Grande Região,2,%,17.4,3,Sudeste,2017,2017,10270,Distribuição percentual das pessoas de 25 anos ou mais de idade,4,Homens,99713,Superior completo
2,Grande Região,2,%,100,3,Sudeste,2017,2017,10270,Distribuição percentual das pessoas de 25 anos ou mais de idade,5,Mulheres,120704,Total
2,Grande Região,2,%,33,3,Sudeste,2017,2017,10270,Distribuição percentual das pessoas de 25 anos ou mais de idade,5,Mulheres,11627,Sem instrução e fundamental incompleto ou equivalente
2,Grande Região,2,%,13.1,3,Sudeste,2017,2017,10270,Distribuição percentual das pessoas de 25 anos ou mais de idade,5,Mulheres,48134,Fundamental completo e médio incompleto ou equivalente
2,Grande Região,2,%,33.9,3,Sudeste,2017,2017,10270,Distribuição percentual das pessoas de 25 anos ou mais de idade,5,Mulheres,48135,Médio completo ou equivalente e superior incompleto
2,Grande Região,2,%,20.1,3,Sudeste,2017,2017,10270,Distribuição percentual das pessoas de 25 anos ou mais de idade,5,Mulheres,99713,Superior completo
2,Grande Região,2,%,,3,Sudeste,2017,2017,10271,Coeficiente de variação - Distribuição percentual das pessoas de 25 anos ou mais de idade,6794,Total,120704,Total
2,Grande Região,2,%,1,3,Sudeste,2017,2017,10271,Coeficiente de variação - Distribuição percentual das pessoas de 25 anos ou mais de idade,6794,Total,11627,Sem instrução e fundamental incompleto ou equivalente
2,Grande Região,2,%,1.3,3,Sudeste,2017,2017,10271,Coeficiente de variação - Distribuição percentual das pessoas de 25 anos ou mais de idade,6794,Total,48134,Fundamental completo e médio incompleto ou equivalente
2,Grande Região,2,%,0.9,3,Sudeste,2017,2017,10271,Coeficiente de variação - Distribuição percentual das pessoas de 25 anos ou mais de idade,6794,Total,48135,Médio completo ou equivalente e superior incompleto
2,Grande Região,2,%,2.3,3,Sudeste,2017,2017,10271,Coeficiente de variação - Distribuição percentual das pessoas de 25 anos ou mais de idade,6794,Total,99713,Superior completo
2,Grande Região,2,%,,3,Sudeste,2017,2017,10271,Coeficiente de variação - Distribuição percentual das pessoas de 25 anos ou mais de idade,4,Homens,120704,Total
2,Grande Região,2,%,1.2,3,Sudeste,2017,2017,10271,Coeficiente de variação - Distribuição percentual das pessoas de 25 anos ou mais de idade,4,Homens,11627,Sem instrução e fundamental incompleto ou equivalente
2,Grande Região,2,%,1.7,3,Sudeste,2017,2017,10271,Coeficiente de variação - Distribuição percentual das pessoas de 25 anos ou mais de idade,4,Homens,48134,Fundamental completo e médio incompleto ou equivalente
2,Grande Região,2,%,1.2,3,Sudeste,2017,2017,10271,Coeficiente de variação - Distribuição percentual das pessoas de 25 anos ou mais de idade,4,Homens,48135,Médio completo ou equivalente e superior incompleto
2,Grande Região,2,%,2.7,3,Sudeste,2017,2017,10271,Coeficiente de variação - Distribuição percentual das pessoas de 25 anos ou mais de idade,4,Homens,99713,Superior completo
2,Grande Região,2,%,,3,Sudeste,2017,2017,10271,Coeficiente de variação - Distribuição percentual das pessoas de 25 anos ou mais de idade,5,Mulheres,120704,Total
2,Grande Região,2,%,1.1,3,Sudeste,2017,2017,10271,Coeficiente de variação - Distribuição percentual das pessoas de 25 anos ou mais de idade,5,Mulheres,11627,Sem instrução e fundamental incompleto ou equivalente
2,Grande Região,2,%,1.6,3,Sudeste,2017,2017,10271,Coeficiente de variação - Distribuição percentual das pessoas de 25 anos ou mais de idade,5,Mulheres,48134,Fundamental completo e médio incompleto ou equivalente
2,Grande Região,2,%,0.9,3,Sudeste,2017,2017,10271,Coeficiente de variação - Distribuição percentual das pessoas de 25 anos ou mais de idade,5,Mulheres,48135,Médio completo ou equivalente e superior incompleto
2,Grande Região,2,%,2.1,3,Sudeste,2017,2017,10271,Coeficiente de variação - Distribuição percentual das pessoas de 25 anos ou mais de idade,5,Mulheres,99713,Superior completo
2,Grande Região,1572,Mil pessoas,56363,3,Sudeste,2018,2018,1643,Pessoas de 25 anos ou mais de idade,6794,Total,120704,Total
2,Grande Região,1572,Mil pessoas,18211,3,Sudeste,2018,2018,1643,Pessoas de 25 anos ou mais de idade,6794,Total,11627,Sem instrução e fundamental incompleto ou equivalente
2,Grande Região,1572,Mil pessoas,7419,3,Sudeste,2018,2018,1643,Pessoas de 25 anos ou mais de idade,6794,Total,48134,Fundamental completo e médio incompleto ou equivalente
2,Grande Região,1572,Mil pessoas,19717,3,Sudeste,2018,2018,1643,Pessoas de 25 anos ou mais de idade,6794,Total,48135,Médio completo ou equivalente e superior incompleto
2,Grande Região,1572,Mil pessoas,11017,3,Sudeste,2018,2018,1643,Pessoas de 25 anos ou mais de idade,6794,Total,99713,Superior completo
2,Grande Região,1572,Mil pessoas,26616,3,Sudeste,2018,2018,1643,Pessoas de 25 anos ou mais de idade,4,Homens,120704,Total
2,Grande Região,1572,Mil pessoas,8689,3,Sudeste,2018,2018,1643,Pessoas de 25 anos ou mais de idade,4,Homens,11627,Sem instrução e fundamental incompleto ou equivalente
2,Grande Região,1572,Mil pessoas,3658,3,Sudeste,2018,2018,1643,Pessoas de 25 anos ou mais de idade,4,Homens,48134,Fundamental completo e médio incompleto ou equivalente
2,Grande Região,1572,Mil pessoas,9412,3,Sudeste,2018,2018,1643,Pessoas de 25 anos ou mais de idade,4,Homens,48135,Médio completo ou equivalente e superior incompleto
2,Grande Região,1572,Mil pessoas,4857,3,Sudeste,2018,2018,1643,Pessoas de 25 anos ou mais de idade,4,Homens,99713,Superior completo
2,Grande Região,1572,Mil pessoas,29747,3,Sudeste,2018,2018,1643,Pessoas de 25 anos ou mais de idade,5,Mulheres,120704,Total
2,Grande Região,1572,Mil pessoas,9522,3,Sudeste,2018,2018,1643,Pessoas de 25 anos ou mais de idade,5,Mulheres,11627,Sem instrução e fundamental incompleto ou equivalente
2,Grande Região,1572,Mil pessoas,3761,3,Sudeste,2018,2018,1643,Pessoas de 25 anos ou mais de idade,5,Mulheres,48134,Fundamental completo e médio incompleto ou equivalente
2,Grande Região,1572,Mil pessoas,10305,3,Sudeste,2018,2018,1643,Pessoas de 25 anos ou mais de idade,5,Mulheres,48135,Médio completo ou equivalente e superior incompleto
2,Grande Região,1572,Mil pessoas,6160,3,Sudeste,2018,2018,1643,Pessoas de 25 anos ou mais de idade,5,Mulheres,99713,Superior completo
2,Grande Região,2,%,0.2,3,Sudeste,2018,2018,10269,Coeficiente de variação - Pessoas de 25 anos ou mais de idade,6794,Total,120704,Total
2,Grande Região,2,%,1.1,3,Sudeste,2018,2018,10269,Coeficiente de variação - Pessoas de 25 anos ou mais de idade,6794,Total,11627,Sem instrução e fundamental incompleto ou equivalente
2,Grande Região,2,%,1.3,3,Sudeste,2018,2018,10269,Coeficiente de variação - Pessoas de 25 anos ou mais de idade,6794,Total,48134,Fundamental completo e médio incompleto ou equivalente
2,Grande Região,2,%,0.8,3,Sudeste,2018,2018,10269,Coeficiente de variação - Pessoas de 25 anos ou mais de idade,6794,Total,48135,Médio completo ou equivalente e superior incompleto
2,Grande Região,2,%,2.1,3,Sudeste,2018,2018,10269,Coeficiente de variação - Pessoas de 25 anos ou mais de idade,6794,Total,99713,Superior completo
2,Grande Região,2,%,0.3,3,Sudeste,2018,2018,10269,Coeficiente de variação - Pessoas de 25 anos ou mais de idade,4,Homens,120704,Total
2,Grande Região,2,%,1.2,3,Sudeste,2018,2018,10269,Coeficiente de variação - Pessoas de 25 anos ou mais de idade,4,Homens,11627,Sem instrução e fundamental incompleto ou equivalente
2,Grande Região,2,%,1.7,3,Sudeste,2018,2018,10269,Coeficiente de variação - Pessoas de 25 anos ou mais de idade,4,Homens,48134,Fundamental completo e médio incompleto ou equivalente
2,Grande Região,2,%,1,3,Sudeste,2018,2018,10269,Coeficiente de variação - Pessoas de 25 anos ou mais de idade,4,Homens,48135,Médio completo ou equivalente e superior incompleto
2,Grande Região,2,%,2.5,3,Sudeste,2018,2018,10269,Coeficiente de variação - Pessoas de 25 anos ou mais de idade,4,Homens,99713,Superior completo
2,Grande Região,2,%,0.3,3,Sudeste,2018,2018,10269,Coeficiente de variação - Pessoas de 25 anos ou mais de idade,5,Mulheres,120704,Total
2,Grande Região,2,%,1.2,3,Sudeste,2018,2018,10269,Coeficiente de variação - Pessoas de 25 anos ou mais de idade,5,Mulheres,11627,Sem instrução e fundamental incompleto ou equivalente
2,Grande Região,2,%,1.8,3,Sudeste,2018,2018,10269,Coeficiente de variação - Pessoas de 25 anos ou mais de idade,5,Mulheres,48134,Fundamental completo e médio incompleto ou equivalente
2,Grande Região,2,%,0.9,3,Sudeste,2018,2018,10269,Coeficiente de variação - Pessoas de 25 anos ou mais de idade,5,Mulheres,48135,Médio completo ou equivalente e superior incompleto
2,Grande Região,2,%,2.1,3,Sudeste,2018,2018,10269,Coeficiente de variação - Pessoas de 25 anos ou mais de idade,5,Mulheres,99713,Superior completo
2,Grande Região,2,%,100,3,Sudeste,2018,2018,10270,Distribuição percentual das pessoas de 25 anos ou mais de idade,6794,Total,120704,Total
2,Grande Região,2,%,32.3,3,Sudeste,2018,2018,10270,Distribuição percentual das pessoas de 25 anos ou mais de idade,6794,Total,11627,Sem instrução e fundamental incompleto ou equivalente
2,Grande Região,2,%,13.2,3,Sudeste,2018,2018,10270,Distribuição percentual das pessoas de 25 anos ou mais de idade,6794,Total,48134,Fundamental completo e médio incompleto ou equivalente
2,Grande Região,2,%,35,3,Sudeste,2018,2018,10270,Distribuição percentual das pessoas de 25 anos ou mais de idade,6794,Total,48135,Médio completo ou equivalente e superior incompleto
2,Grande Região,2,%,19.5,3,Sudeste,2018,2018,10270,Distribuição percentual das pessoas de 25 anos ou mais de idade,6794,Total,99713,Superior completo
2,Grande Região,2,%,100,3,Sudeste,2018,2018,10270,Distribuição percentual das pessoas de 25 anos ou mais de idade,4,Homens,120704,Total
2,Grande Região,2,%,32.6,3,Sudeste,2018,2018,10270,Distribuição percentual das pessoas de 25 anos ou mais de idade,4,Homens,11627,Sem instrução e fundamental incompleto ou equivalente
2,Grande Região,2,%,13.7,3,Sudeste,2018,2018,10270,Distribuição percentual das pessoas de 25 anos ou mais de idade,4,Homens,48134,Fundamental completo e médio incompleto ou equivalente
2,Grande Região,2,%,35.4,3,Sudeste,2018,2018,10270,Distribuição percentual das pessoas de 25 anos ou mais de idade,4,Homens,48135,Médio completo ou equivalente e superior incompleto
2,Grande Região,2,%,18.2,3,Sudeste,2018,2018,10270,Distribuição percentual das pessoas de 25 anos ou mais de idade,4,Homens,99713,Superior completo
2,Grande Região,2,%,100,3,Sudeste,2018,2018,10270,Distribuição percentual das pessoas de 25 anos ou mais de idade,5,Mulheres,120704,Total
2,Grande Região,2,%,32,3,Sudeste,2018,2018,10270,Distribuição percentual das pessoas de 25 anos ou mais de idade,5,Mulheres,11627,Sem instrução e fundamental incompleto ou equivalente
2,Grande Região,2,%,12.6,3,Sudeste,2018,2018,10270,Distribuição percentual das pessoas de 25 anos ou mais de idade,5,Mulheres,48134,Fundamental completo e médio incompleto ou equivalente
2,Grande Região,2,%,34.6,3,Sudeste,2018,2018,10270,Distribuição percentual das pessoas de 25 anos ou mais de idade,5,Mulheres,48135,Médio completo ou equivalente e superior incompleto
2,Grande Região,2,%,20.7,3,Sudeste,2018,2018,10270,Distribuição percentual das pessoas de 25 anos ou mais de idade,5,Mulheres,99713,Superior completo
2,Grande Região,2,%,,3,Sudeste,2018,2018,10271,Coeficiente de variação - Distribuição percentual das pessoas de 25 anos ou mais de idade,6794,Total,120704,Total
2,Grande Região,2,%,1.1,3,Sudeste,2018,2018,10271,Coeficiente de variação - Distribuição percentual das pessoas de 25 anos ou mais de idade,6794,Total,11627,Sem instrução e fundamental incompleto ou equivalente
2,Grande Região,2,%,1.3,3,Sudeste,2018,2018,10271,Coeficiente de variação - Distribuição percentual das pessoas de 25 anos ou mais de idade,6794,Total,48134,Fundamental completo e médio incompleto ou equivalente
2,Grande Região,2,%,0.8,3,Sudeste,2018,2018,10271,Coeficiente de variação - Distribuição percentual das pessoas de 25 anos ou mais de idade,6794,Total,48135,Médio completo ou equivalente e superior incompleto
2,Grande Região,2,%,2.1,3,Sudeste,2018,2018,10271,Coeficiente de variação - Distribuição percentual das pessoas de 25 anos ou mais de idade,6794,Total,99713,Superior completo
2,Grande Região,2,%,,3,Sudeste,2018,2018,10271,Coeficiente de variação - Distribuição percentual das pessoas de 25 anos ou mais de idade,4,Homens,120704,Total
2,Grande Região,2,%,1.2,3,Sudeste,2018,2018,10271,Coeficiente de variação - Distribuição percentual das pessoas de 25 anos ou mais de idade,4,Homens,11627,Sem instrução e fundamental incompleto ou equivalente
2,Grande Região,2,%,1.7,3,Sudeste,2018,2018,10271,Coeficiente de variação - Distribuição percentual das pessoas de 25 anos ou mais de idade,4,Homens,48134,Fundamental completo e médio incompleto ou equivalente
2,Grande Região,2,%,1,3,Sudeste,2018,2018,10271,Coeficiente de variação - Distribuição percentual das pessoas de 25 anos ou mais de idade,4,Homens,48135,Médio completo ou equivalente e superior incompleto
2,Grande Região,2,%,2.4,3,Sudeste,2018,2018,10271,Coeficiente de variação - Distribuição percentual das pessoas de 25 anos ou mais de idade,4,Homens,99713,Superior completo
2,Grande Região,2,%,,3,Sudeste,2018,2018,10271,Coeficiente de variação - Distribuição percentual das pessoas de 25 anos ou mais de idade,5,Mulheres,120704,Total
2,Grande Região,2,%,1.2,3,Sudeste,2018,2018,10271,Coeficiente de variação - Distribuição percentual das pessoas de 25 anos ou mais de idade,5,Mulheres,11627,Sem instrução e fundamental incompleto ou equivalente
2,Grande Região,2,%,1.8,3,Sudeste,2018,2018,10271,Coeficiente de variação - Distribuição percentual das pessoas de 25 anos ou mais de idade,5,Mulheres,48134,Fundamental completo e médio incompleto ou equivalente
2,Grande Região,2,%,0.9,3,Sudeste,2018,2018,10271,Coeficiente de variação - Distribuição percentual das pessoas de 25 anos ou mais de idade,5,Mulheres,48135,Médio completo ou equivalente e superior incompleto
2,Grande Região,2,%,2,3,Sudeste,2018,2018,10271,Coeficiente de variação - Distribuição percentual das pessoas de 25 anos ou mais de idade,5,Mulheres,99713,Superior completo
2,Grande Região,1572,Mil pessoas,57308,3,Sudeste,2019,2019,1643,Pessoas de 25 anos ou mais de idade,6794,Total,120704,Total
2,Grande Região,1572,Mil pessoas,17931,3,Sudeste,2019,2019,1643,Pessoas de 25 anos ou mais de idade,6794,Total,11627,Sem instrução e fundamental incompleto ou equivalente
2,Grande Região,1572,Mil pessoas,7566,3,Sudeste,2019,2019,1643,Pessoas de 25 anos ou mais de idade,6794,Total,48134,Fundamental completo e médio incompleto ou equivalente
2,Grande Região,1572,Mil pessoas,20082,3,Sudeste,2019,2019,1643,Pessoas de 25 anos ou mais de idade,6794,Total,48135,Médio completo ou equivalente e superior incompleto
2,Grande Região,1572,Mil pessoas,11729,3,Sudeste,2019,2019,1643,Pessoas de 25 anos ou mais de idade,6794,Total,99713,Superior completo
2,Grande Região,1572,Mil pessoas,27130,3,Sudeste,2019,2019,1643,Pessoas de 25 anos ou mais de idade,4,Homens,120704,Total
2,Grande Região,1572,Mil pessoas,8590,3,Sudeste,2019,2019,1643,Pessoas de 25 anos ou mais de idade,4,Homens,11627,Sem instrução e fundamental incompleto ou equivalente
2,Grande Região,1572,Mil pessoas,3824,3,Sudeste,2019,2019,1643,Pessoas de 25 anos ou mais de idade,4,Homens,48134,Fundamental completo e médio incompleto ou equivalente
2,Grande Região,1572,Mil pessoas,9669,3,Sudeste,2019,2019,1643,Pessoas de 25 anos ou mais de idade,4,Homens,48135,Médio completo ou equivalente e superior incompleto
2,Grande Região,1572,Mil pessoas,5047,3,Sudeste,2019,2019,1643,Pessoas de 25 anos ou mais de idade,4,Homens,99713,Superior completo
2,Grande Região,1572,Mil pessoas,30178,3,Sudeste,2019,2019,1643,Pessoas de 25 anos ou mais de idade,5,Mulheres,120704,Total
2,Grande Região,1572,Mil pessoas,9341,3,Sudeste,2019,2019,1643,Pessoas de 25 anos ou mais de idade,5,Mulheres,11627,Sem instrução e fundamental incompleto ou equivalente
2,Grande Região,1572,Mil pessoas,3743,3,Sudeste,2019,2019,1643,Pessoas de 25 anos ou mais de idade,5,Mulheres,48134,Fundamental completo e médio incompleto ou equivalente
2,Grande Região,1572,Mil pessoas,10414,3,Sudeste,2019,2019,1643,Pessoas de 25 anos ou mais de idade,5,Mulheres,48135,Médio completo ou equivalente e superior incompleto
2,Grande Região,1572,Mil pessoas,6681,3,Sudeste,2019,2019,1643,Pessoas de 25 anos ou mais de idade,5,Mulheres,99713,Superior completo
2,Grande Região,2,%,0.2,3,Sudeste,2019,2019,10269,Coeficiente de variação - Pessoas de 25 anos ou mais de idade,6794,Total,120704,Total
2,Grande Região,2,%,1,3,Sudeste,2019,2019,10269,Coeficiente de variação - Pessoas de 25 anos ou mais de idade,6794,Total,11627,Sem instrução e fundamental incompleto ou equivalente
2,Grande Região,2,%,1.4,3,Sudeste,2019,2019,10269,Coeficiente de variação - Pessoas de 25 anos ou mais de idade,6794,Total,48134,Fundamental completo e médio incompleto ou equivalente
2,Grande Região,2,%,0.9,3,Sudeste,2019,2019,10269,Coeficiente de variação - Pessoas de 25 anos ou mais de idade,6794,Total,48135,Médio completo ou equivalente e superior incompleto
2,Grande Região,2,%,2.1,3,Sudeste,2019,2019,10269,Coeficiente de variação - Pessoas de 25 anos ou mais de idade,6794,Total,99713,Superior completo
2,Grande Região,2,%,0.3,3,Sudeste,2019,2019,10269,Coeficiente de variação - Pessoas de 25 anos ou mais de idade,4,Homens,120704,Total
2,Grande Região,2,%,1.2,3,Sudeste,2019,2019,10269,Coeficiente de variação - Pessoas de 25 anos ou mais de idade,4,Homens,11627,Sem instrução e fundamental incompleto ou equivalente
2,Grande Região,2,%,1.8,3,Sudeste,2019,2019,10269,Coeficiente de variação - Pessoas de 25 anos ou mais de idade,4,Homens,48134,Fundamental completo e médio incompleto ou equivalente
2,Grande Região,2,%,1.1,3,Sudeste,2019,2019,10269,Coeficiente de variação - Pessoas de 25 anos ou mais de idade,4,Homens,48135,Médio completo ou equivalente e superior incompleto
2,Grande Região,2,%,2.6,3,Sudeste,2019,2019,10269,Coeficiente de variação - Pessoas de 25 anos ou mais de idade,4,Homens,99713,Superior completo
2,Grande Região,2,%,0.3,3,Sudeste,2019,2019,10269,Coeficiente de variação - Pessoas de 25 anos ou mais de idade,5,Mulheres,120704,Total
2,Grande Região,2,%,1.1,3,Sudeste,2019,2019,10269,Coeficiente de variação - Pessoas de 25 anos ou mais de idade,5,Mulheres,11627,Sem instrução e fundamental incompleto ou equivalente
2,Grande Região,2,%,1.6,3,Sudeste,2019,2019,10269,Coeficiente de variação - Pessoas de 25 anos ou mais de idade,5,Mulheres,48134,Fundamental completo e médio incompleto ou equivalente
2,Grande Região,2,%,1,3,Sudeste,2019,2019,10269,Coeficiente de variação - Pessoas de 25 anos ou mais de idade,5,Mulheres,48135,Médio completo ou equivalente e superior incompleto
2,Grande Região,2,%,2,3,Sudeste,2019,2019,10269,Coeficiente de variação - Pessoas de 25 anos ou mais de idade,5,Mulheres,99713,Superior completo
2,Grande Região,2,%,100,3,Sudeste,2019,2019,10270,Distribuição percentual das pessoas de 25 anos ou mais de idade,6794,Total,120704,Total
2,Grande Região,2,%,31.3,3,Sudeste,2019,2019,10270,Distribuição percentual das pessoas de 25 anos ou mais de idade,6794,Total,11627,Sem instrução e fundamental incompleto ou equivalente
2,Grande Região,2,%,13.2,3,Sudeste,2019,2019,10270,Distribuição percentual das pessoas de 25 anos ou mais de idade,6794,Total,48134,Fundamental completo e médio incompleto ou equivalente
2,Grande Região,2,%,35,3,Sudeste,2019,2019,10270,Distribuição percentual das pessoas de 25 anos ou mais de idade,6794,Total,48135,Médio completo ou equivalente e superior incompleto
2,Grande Região,2,%,20.5,3,Sudeste,2019,2019,10270,Distribuição percentual das pessoas de 25 anos ou mais de idade,6794,Total,99713,Superior completo
2,Grande Região,2,%,100,3,Sudeste,2019,2019,10270,Distribuição percentual das pessoas de 25 anos ou mais de idade,4,Homens,120704,Total
2,Grande Região,2,%,31.7,3,Sudeste,2019,2019,10270,Distribuição percentual das pessoas de 25 anos ou mais de idade,4,Homens,11627,Sem instrução e fundamental incompleto ou equivalente
2,Grande Região,2,%,14.1,3,Sudeste,2019,2019,10270,Distribuição percentual das pessoas de 25 anos ou mais de idade,4,Homens,48134,Fundamental completo e médio incompleto ou equivalente
2,Grande Região,2,%,35.6,3,Sudeste,2019,2019,10270,Distribuição percentual das pessoas de 25 anos ou mais de idade,4,Homens,48135,Médio completo ou equivalente e superior incompleto
2,Grande Região,2,%,18.6,3,Sudeste,2019,2019,10270,Distribuição percentual das pessoas de 25 anos ou mais de idade,4,Homens,99713,Superior completo
2,Grande Região,2,%,100,3,Sudeste,2019,2019,10270,Distribuição percentual das pessoas de 25 anos ou mais de idade,5,Mulheres,120704,Total
2,Grande Região,2,%,31,3,Sudeste,2019,2019,10270,Distribuição percentual das pessoas de 25 anos ou mais de idade,5,Mulheres,11627,Sem instrução e fundamental incompleto ou equivalente
2,Grande Região,2,%,12.4,3,Sudeste,2019,2019,10270,Distribuição percentual das pessoas de 25 anos ou mais de idade,5,Mulheres,48134,Fundamental completo e médio incompleto ou equivalente
2,Grande Região,2,%,34.5,3,Sudeste,2019,2019,10270,Distribuição percentual das pessoas de 25 anos ou mais de idade,5,Mulheres,48135,Médio completo ou equivalente e superior incompleto
2,Grande Região,2,%,22.1,3,Sudeste,2019,2019,10270,Distribuição percentual das pessoas de 25 anos ou mais de idade,5,Mulheres,99713,Superior completo
2,Grande Região,2,%,,3,Sudeste,2019,2019,10271,Coeficiente de variação - Distribuição percentual das pessoas de 25 anos ou mais de idade,6794,Total,120704,Total
2,Grande Região,2,%,1,3,Sudeste,2019,2019,10271,Coeficiente de variação - Distribuição percentual das pessoas de 25 anos ou mais de idade,6794,Total,11627,Sem instrução e fundamental incompleto ou equivalente
2,Grande Região,2,%,1.4,3,Sudeste,2019,2019,10271,Coeficiente de variação - Distribuição percentual das pessoas de 25 anos ou mais de idade,6794,Total,48134,Fundamental completo e médio incompleto ou equivalente
2,Grande Região,2,%,0.9,3,Sudeste,2019,2019,10271,Coeficiente de variação - Distribuição percentual das pessoas de 25 anos ou mais de idade,6794,Total,48135,Médio completo ou equivalente e superior incompleto
2,Grande Região,2,%,2,3,Sudeste,2019,2019,10271,Coeficiente de variação - Distribuição percentual das pessoas de 25 anos ou mais de idade,6794,Total,99713,Superior completo
2,Grande Região,2,%,,3,Sudeste,2019,2019,10271,Coeficiente de variação - Distribuição percentual das pessoas de 25 anos ou mais de idade,4,Homens,120704,Total
2,Grande Região,2,%,1.2,3,Sudeste,2019,2019,10271,Coeficiente de variação - Distribuição percentual das pessoas de 25 anos ou mais de idade,4,Homens,11627,Sem instrução e fundamental incompleto ou equivalente
2,Grande Região,2,%,1.8,3,Sudeste,2019,2019,10271,Coeficiente de variação - Distribuição percentual das pessoas de 25 anos ou mais de idade,4,Homens,48134,Fundamental completo e médio incompleto ou equivalente
2,Grande Região,2,%,1.1,3,Sudeste,2019,2019,10271,Coeficiente de variação - Distribuição percentual das pessoas de 25 anos ou mais de idade,4,Homens,48135,Médio completo ou equivalente e superior incompleto
2,Grande Região,2,%,2.5,3,Sudeste,2019,2019,10271,Coeficiente de variação - Distribuição percentual das pessoas de 25 anos ou mais de idade,4,Homens,99713,Superior completo
2,Grande Região,2,%,,3,Sudeste,2019,2019,10271,Coeficiente de variação - Distribuição percentual das pessoas de 25 anos ou mais de idade,5,Mulheres,120704,Total
2,Grande Região,2,%,1.1,3,Sudeste,2019,2019,10271,Coeficiente de variação - Distribuição percentual das pessoas de 25 anos ou mais de idade,5,Mulheres,11627,Sem instrução e fundamental incompleto ou equivalente
2,Grande Região,2,%,1.6,3,Sudeste,2019,2019,10271,Coeficiente de variação - Distribuição percentual das pessoas de 25 anos ou mais de idade,5,Mulheres,48134,Fundamental completo e médio incompleto ou equivalente
2,Grande Região,2,%,1,3,Sudeste,2019,2019,10271,Coeficiente de variação - Distribuição percentual das pessoas de 25 anos ou mais de idade,5,Mulheres,48135,Médio completo ou equivalente e superior incompleto
2,Grande Região,2,%,1.9,3,Sudeste,2019,2019,10271,Coeficiente de variação - Distribuição percentual das pessoas de 25 anos ou mais de idade,5,Mulheres,99713,Superior completo
2,Grande Região,1572,Mil pessoas,59305,3,Sudeste,2022,2022,1643,Pessoas de 25 anos ou mais de idade,6794,Total,120704,Total
2,Grande Região,1572,Mil pessoas,16756,3,Sudeste,2022,2022,1643,Pessoas de 25 anos ou mais de idade,6794,Total,11627,Sem instrução e fundamental incompleto ou equivalente
2,Grande Região,1572,Mil pessoas,7549,3,Sudeste,2022,2022,1643,Pessoas de 25 anos ou mais de idade,6794,Total,48134,Fundamental completo e médio incompleto ou equivalente
2,Grande Região,1572,Mil pessoas,21567,3,Sudeste,2022,2022,1643,Pessoas de 25 anos ou mais de idade,6794,Total,48135,Médio completo ou equivalente e superior incompleto
2,Grande Região,1572,Mil pessoas,13433,3,Sudeste,2022,2022,1643,Pessoas de 25 anos ou mais de idade,6794,Total,99713,Superior completo
2,Grande Região,1572,Mil pessoas,27997,3,Sudeste,2022,2022,1643,Pessoas de 25 anos ou mais de idade,4,Homens,120704,Total
2,Grande Região,1572,Mil pessoas,7933,3,Sudeste,2022,2022,1643,Pessoas de 25 anos ou mais de idade,4,Homens,11627,Sem instrução e fundamental incompleto ou equivalente
2,Grande Região,1572,Mil pessoas,3782,3,Sudeste,2022,2022,1643,Pessoas de 25 anos ou mais de idade,4,Homens,48134,Fundamental completo e médio incompleto ou equivalente
2,Grande Região,1572,Mil pessoas,10461,3,Sudeste,2022,2022,1643,Pessoas de 25 anos ou mais de idade,4,Homens,48135,Médio completo ou equivalente e superior incompleto
2,Grande Região,1572,Mil pessoas,5820,3,Sudeste,2022,2022,1643,Pessoas de 25 anos ou mais de idade,4,Homens,99713,Superior completo
2,Grande Região,1572,Mil pessoas,31307,3,Sudeste,2022,2022,1643,Pessoas de 25 anos ou mais de idade,5,Mulheres,120704,Total
2,Grande Região,1572,Mil pessoas,8822,3,Sudeste,2022,2022,1643,Pessoas de 25 anos ou mais de idade,5,Mulheres,11627,Sem instrução e fundamental incompleto ou equivalente
2,Grande Região,1572,Mil pessoas,3766,3,Sudeste,2022,2022,1643,Pessoas de 25 anos ou mais de idade,5,Mulheres,48134,Fundamental completo e médio incompleto ou equivalente
2,Grande Região,1572,Mil pessoas,11106,3,Sudeste,2022,2022,1643,Pessoas de 25 anos ou mais de idade,5,Mulheres,48135,Médio completo ou equivalente e superior incompleto
2,Grande Região,1572,Mil pessoas,7613,3,Sudeste,2022,2022,1643,Pessoas de 25 anos ou mais de idade,5,Mulheres,99713,Superior completo
2,Grande Região,2,%,0.2,3,Sudeste,2022,2022,10269,Coeficiente de variação - Pessoas de 25 anos ou mais de idade,6794,Total,120704,Total
2,Grande Região,2,%,1.2,3,Sudeste,2022,2022,10269,Coeficiente de variação - Pessoas de 25 anos ou mais de idade,6794,Total,11627,Sem instrução e fundamental incompleto ou equivalente
2,Grande Região,2,%,1.4,3,Sudeste,2022,2022,10269,Coeficiente de variação - Pessoas de 25 anos ou mais de idade,6794,Total,48134,Fundamental completo e médio incompleto ou equivalente
2,Grande Região,2,%,0.8,3,Sudeste,2022,2022,10269,Coeficiente de variação - Pessoas de 25 anos ou mais de idade,6794,Total,48135,Médio completo ou equivalente e superior incompleto
2,Grande Região,2,%,2,3,Sudeste,2022,2022,10269,Coeficiente de variação - Pessoas de 25 anos ou mais de idade,6794,Total,99713,Superior completo
2,Grande Região,2,%,0.3,3,Sudeste,2022,2022,10269,Coeficiente de variação - Pessoas de 25 anos ou mais de idade,4,Homens,120704,Total
2,Grande Região,2,%,1.3,3,Sudeste,2022,2022,10269,Coeficiente de variação - Pessoas de 25 anos ou mais de idade,4,Homens,11627,Sem instrução e fundamental incompleto ou equivalente
2,Grande Região,2,%,1.8,3,Sudeste,2022,2022,10269,Coeficiente de variação - Pessoas de 25 anos ou mais de idade,4,Homens,48134,Fundamental completo e médio incompleto ou equivalente
2,Grande Região,2,%,1,3,Sudeste,2022,2022,10269,Coeficiente de variação - Pessoas de 25 anos ou mais de idade,4,Homens,48135,Médio completo ou equivalente e superior incompleto
2,Grande Região,2,%,2.3,3,Sudeste,2022,2022,10269,Coeficiente de variação - Pessoas de 25 anos ou mais de idade,4,Homens,99713,Superior completo
2,Grande Região,2,%,0.3,3,Sudeste,2022,2022,10269,Coeficiente de variação - Pessoas de 25 anos ou mais de idade,5,Mulheres,120704,Total
2,Grande Região,2,%,1.3,3,Sudeste,2022,2022,10269,Coeficiente de variação - Pessoas de 25 anos ou mais de idade,5,Mulheres,11627,Sem instrução e fundamental incompleto ou equivalente
2,Grande Região,2,%,1.7,3,Sudeste,2022,2022,10269,Coeficiente de variação - Pessoas de 25 anos ou mais de idade,5,Mulheres,48134,Fundamental completo e médio incompleto ou equivalente
2,Grande Região,2,%,1,3,Sudeste,2022,2022,10269,Coeficiente de variação - Pessoas de 25 anos ou mais de idade,5,Mulheres,48135,Médio completo ou equivalente e superior incompleto
2,Grande Região,2,%,1.9,3,Sudeste,2022,2022,10269,Coeficiente de variação - Pessoas de 25 anos ou mais de idade,5,Mulheres,99713,Superior completo
2,Grande Região,2,%,100,3,Sudeste,2022,2022,10270,Distribuição percentual das pessoas de 25 anos ou mais de idade,6794,Total,120704,Total
2,Grande Região,2,%,28.3,3,Sudeste,2022,2022,10270,Distribuição percentual das pessoas de 25 anos ou mais de idade,6794,Total,11627,Sem instrução e fundamental incompleto ou equivalente
2,Grande Região,2,%,12.7,3,Sudeste,2022,2022,10270,Distribuição percentual das pessoas de 25 anos ou mais de idade,6794,Total,48134,Fundamental completo e médio incompleto ou equivalente
2,Grande Região,2,%,36.4,3,Sudeste,2022,2022,10270,Distribuição percentual das pessoas de 25 anos ou mais de idade,6794,Total,48135,Médio completo ou equivalente e superior incompleto
2,Grande Região,2,%,22.7,3,Sudeste,2022,2022,10270,Distribuição percentual das pessoas de 25 anos ou mais de idade,6794,Total,99713,Superior completo
2,Grande Região,2,%,100,3,Sudeste,2022,2022,10270,Distribuição percentual das pessoas de 25 anos ou mais de idade,4,Homens,120704,Total
2,Grande Região,2,%,28.3,3,Sudeste,2022,2022,10270,Distribuição percentual das pessoas de 25 anos ou mais de idade,4,Homens,11627,Sem instrução e fundamental incompleto ou equivalente
2,Grande Região,2,%,13.5,3,Sudeste,2022,2022,10270,Distribuição percentual das pessoas de 25 anos ou mais de idade,4,Homens,48134,Fundamental completo e médio incompleto ou equivalente
2,Grande Região,2,%,37.4,3,Sudeste,2022,2022,10270,Distribuição percentual das pessoas de 25 anos ou mais de idade,4,Homens,48135,Médio completo ou equivalente e superior incompleto
2,Grande Região,2,%,20.8,3,Sudeste,2022,2022,10270,Distribuição percentual das pessoas de 25 anos ou mais de idade,4,Homens,99713,Superior completo
2,Grande Região,2,%,100,3,Sudeste,2022,2022,10270,Distribuição percentual das pessoas de 25 anos ou mais de idade,5,Mulheres,120704,Total
2,Grande Região,2,%,28.2,3,Sudeste,2022,2022,10270,Distribuição percentual das pessoas de 25 anos ou mais de idade,5,Mulheres,11627,Sem instrução e fundamental incompleto ou equivalente
2,Grande Região,2,%,12,3,Sudeste,2022,2022,10270,Distribuição percentual das pessoas de 25 anos ou mais de idade,5,Mulheres,48134,Fundamental completo e médio incompleto ou equivalente
2,Grande Região,2,%,35.5,3,Sudeste,2022,2022,10270,Distribuição percentual das pessoas de 25 anos ou mais de idade,5,Mulheres,48135,Médio completo ou equivalente e superior incompleto
2,Grande Região,2,%,24.3,3,Sudeste,2022,2022,10270,Distribuição percentual das pessoas de 25 anos ou mais de idade,5,Mulheres,99713,Superior completo
2,Grande Região,2,%,,3,Sudeste,2022,2022,10271,Coeficiente de variação - Distribuição percentual das pessoas de 25 anos ou mais de idade,6794,Total,120704,Total
2,Grande Região,2,%,1.2,3,Sudeste,2022,2022,10271,Coeficiente de variação - Distribuição percentual das pessoas de 25 anos ou mais de idade,6794,Total,11627,Sem instrução e fundamental incompleto ou equivalente
2,Grande Região,2,%,1.5,3,Sudeste,2022,2022,10271,Coeficiente de variação - Distribuição percentual das pessoas de 25 anos ou mais de idade,6794,Total,48134,Fundamental completo e médio incompleto ou equivalente
2,Grande Região,2,%,0.8,3,Sudeste,2022,2022,10271,Coeficiente de variação - Distribuição percentual das pessoas de 25 anos ou mais de idade,6794,Total,48135,Médio completo ou equivalente e superior incompleto
2,Grande Região,2,%,1.9,3,Sudeste,2022,2022,10271,Coeficiente de variação - Distribuição percentual das pessoas de 25 anos ou mais de idade,6794,Total,99713,Superior completo
2,Grande Região,2,%,,3,Sudeste,2022,2022,10271,Coeficiente de variação - Distribuição percentual das pessoas de 25 anos ou mais de idade,4,Homens,120704,Total
2,Grande Região,2,%,1.3,3,Sudeste,2022,2022,10271,Coeficiente de variação - Distribuição percentual das pessoas de 25 anos ou mais de idade,4,Homens,11627,Sem instrução e fundamental incompleto ou equivalente
2,Grande Região,2,%,1.8,3,Sudeste,2022,2022,10271,Coeficiente de variação - Distribuição percentual das pessoas de 25 anos ou mais de idade,4,Homens,48134,Fundamental completo e médio incompleto ou equivalente
2,Grande Região,2,%,1,3,Sudeste,2022,2022,10271,Coeficiente de variação - Distribuição percentual das pessoas de 25 anos ou mais de idade,4,Homens,48135,Médio completo ou equivalente e superior incompleto
2,Grande Região,2,%,2.2,3,Sudeste,2022,2022,10271,Coeficiente de variação - Distribuição percentual das pessoas de 25 anos ou mais de idade,4,Homens,99713,Superior completo
2,Grande Região,2,%,,3,Sudeste,2022,2022,10271,Coeficiente de variação - Distribuição percentual das pessoas de 25 anos ou mais de idade,5,Mulheres,120704,Total
2,Grande Região,2,%,1.3,3,Sudeste,2022,2022,10271,Coeficiente de variação - Distribuição percentual das pessoas de 25 anos ou mais de idade,5,Mulheres,11627,Sem instrução e fundamental incompleto ou equivalente
2,Grande Região,2,%,1.8,3,Sudeste,2022,2022,10271,Coeficiente de variação - Distribuição percentual das pessoas de 25 anos ou mais de idade,5,Mulheres,48134,Fundamental completo e médio incompleto ou equivalente
2,Grande Região,2,%,0.9,3,Sudeste,2022,2022,10271,Coeficiente de variação - Distribuição percentual das pessoas de 25 anos ou mais de idade,5,Mulheres,48135,Médio completo ou equivalente e superior incompleto
2,Grande Região,2,%,1.8,3,Sudeste,2022,2022,10271,Coeficiente de variação - Distribuição percentual das pessoas de 25 anos ou mais de idade,5,Mulheres,99713,Superior completo
2,Grande Região,1572,Mil pessoas,59853,3,Sudeste,2023,2023,1643,Pessoas de 25 anos ou mais de idade,6794,Total,120704,Total
2,Grande Região,1572,Mil pessoas,16583,3,Sudeste,2023,2023,1643,Pessoas de 25 anos ou mais de idade,6794,Total,11627,Sem instrução e fundamental incompleto ou equivalente
2,Grande Região,1572,Mil pessoas,7475,3,Sudeste,2023,2023,1643,Pessoas de 25 anos ou mais de idade,6794,Total,48134,Fundamental completo e médio incompleto ou equivalente
2,Grande Região,1572,Mil pessoas,22023,3,Sudeste,2023,2023,1643,Pessoas de 25 anos ou mais de idade,6794,Total,48135,Médio completo ou equivalente e superior incompleto
2,Grande Região,1572,Mil pessoas,13772,3,Sudeste,2023,2023,1643,Pessoas de 25 anos ou mais de idade,6794,Total,99713,Superior completo
2,Grande Região,1572,Mil pessoas,28241,3,Sudeste,2023,2023,1643,Pessoas de 25 anos ou mais de idade,4,Homens,120704,Total
2,Grande Região,1572,Mil pessoas,7866,3,Sudeste,2023,2023,1643,Pessoas de 25 anos ou mais de idade,4,Homens,11627,Sem instrução e fundamental incompleto ou equivalente
2,Grande Região,1572,Mil pessoas,3720,3,Sudeste,2023,2023,1643,Pessoas de 25 anos ou mais de idade,4,Homens,48134,Fundamental completo e médio incompleto ou equivalente
2,Grande Região,1572,Mil pessoas,10729,3,Sudeste,2023,2023,1643,Pessoas de 25 anos ou mais de idade,4,Homens,48135,Médio completo ou equivalente e superior incompleto
2,Grande Região,1572,Mil pessoas,5927,3,Sudeste,2023,2023,1643,Pessoas de 25 anos ou mais de idade,4,Homens,99713,Superior completo
2,Grande Região,1572,Mil pessoas,31612,3,Sudeste,2023,2023,1643,Pessoas de 25 anos ou mais de idade,5,Mulheres,120704,Total
2,Grande Região,1572,Mil pessoas,8717,3,Sudeste,2023,2023,1643,Pessoas de 25 anos ou mais de idade,5,Mulheres,11627,Sem instrução e fundamental incompleto ou equivalente
2,Grande Região,1572,Mil pessoas,3756,3,Sudeste,2023,2023,1643,Pessoas de 25 anos ou mais de idade,5,Mulheres,48134,Fundamental completo e médio incompleto ou equivalente
2,Grande Região,1572,Mil pessoas,11294,3,Sudeste,2023,2023,1643,Pessoas de 25 anos ou mais de idade,5,Mulheres,48135,Médio completo ou equivalente e superior incompleto
2,Grande Região,1572,Mil pessoas,7845,3,Sudeste,2023,2023,1643,Pessoas de 25 anos ou mais de idade,5,Mulheres,99713,Superior completo
2,Grande Região,2,%,0.2,3,Sudeste,2023,2023,10269,Coeficiente de variação - Pessoas de 25 anos ou mais de idade,6794,Total,120704,Total
2,Grande Região,2,%,1.3,3,Sudeste,2023,2023,10269,Coeficiente de variação - Pessoas de 25 anos ou mais de idade,6794,Total,11627,Sem instrução e fundamental incompleto ou equivalente
2,Grande Região,2,%,1.6,3,Sudeste,2023,2023,10269,Coeficiente de variação - Pessoas de 25 anos ou mais de idade,6794,Total,48134,Fundamental completo e médio incompleto ou equivalente
2,Grande Região,2,%,0.8,3,Sudeste,2023,2023,10269,Coeficiente de variação - Pessoas de 25 anos ou mais de idade,6794,Total,48135,Médio completo ou equivalente e superior incompleto
2,Grande Região,2,%,2.2,3,Sudeste,2023,2023,10269,Coeficiente de variação - Pessoas de 25 anos ou mais de idade,6794,Total,99713,Superior completo
2,Grande Região,2,%,0.3,3,Sudeste,2023,2023,10269,Coeficiente de variação - Pessoas de 25 anos ou mais de idade,4,Homens,120704,Total
2,Grande Região,2,%,1.4,3,Sudeste,2023,2023,10269,Coeficiente de variação - Pessoas de 25 anos ou mais de idade,4,Homens,11627,Sem instrução e fundamental incompleto ou equivalente
2,Grande Região,2,%,1.9,3,Sudeste,2023,2023,10269,Coeficiente de variação - Pessoas de 25 anos ou mais de idade,4,Homens,48134,Fundamental completo e médio incompleto ou equivalente
2,Grande Região,2,%,1.1,3,Sudeste,2023,2023,10269,Coeficiente de variação - Pessoas de 25 anos ou mais de idade,4,Homens,48135,Médio completo ou equivalente e superior incompleto
2,Grande Região,2,%,2.4,3,Sudeste,2023,2023,10269,Coeficiente de variação - Pessoas de 25 anos ou mais de idade,4,Homens,99713,Superior completo
2,Grande Região,2,%,0.3,3,Sudeste,2023,2023,10269,Coeficiente de variação - Pessoas de 25 anos ou mais de idade,5,Mulheres,120704,Total
2,Grande Região,2,%,1.4,3,Sudeste,2023,2023,10269,Coeficiente de variação - Pessoas de 25 anos ou mais de idade,5,Mulheres,11627,Sem instrução e fundamental incompleto ou equivalente
2,Grande Região,2,%,2.1,3,Sudeste,2023,2023,10269,Coeficiente de variação - Pessoas de 25 anos ou mais de idade,5,Mulheres,48134,Fundamental completo e médio incompleto ou equivalente
2,Grande Região,2,%,1,3,Sudeste,2023,2023,10269,Coeficiente de variação - Pessoas de 25 anos ou mais de idade,5,Mulheres,48135,Médio completo ou equivalente e superior incompleto
2,Grande Região,2,%,2.2,3,Sudeste,2023,2023,10269,Coeficiente de variação - Pessoas de 25 anos ou mais de idade,5,Mulheres,99713,Superior completo
2,Grande Região,2,%,100,3,Sudeste,2023,2023,10270,Distribuição percentual das pessoas de 25 anos ou mais de idade,6794,Total,120704,Total
2,Grande Região,2,%,27.7,3,Sudeste,2023,2023,10270,Distribuição percentual das pessoas de 25 anos ou mais de idade,6794,Total,11627,Sem instrução e fundamental incompleto ou equivalente
2,Grande Região,2,%,12.5,3,Sudeste,2023,2023,10270,Distribuição percentual das pessoas de 25 anos ou mais de idade,6794,Total,48134,Fundamental completo e médio incompleto ou equivalente
2,Grande Região,2,%,36.8,3,Sudeste,2023,2023,10270,Distribuição percentual das pessoas de 25 anos ou mais de idade,6794,Total,48135,Médio completo ou equivalente e superior incompleto
2,Grande Região,2,%,23,3,Sudeste,2023,2023,10270,Distribuição percentual das pessoas de 25 anos ou mais de idade,6794,Total,99713,Superior completo
2,Grande Região,2,%,100,3,Sudeste,2023,2023,10270,Distribuição percentual das pessoas de 25 anos ou mais de idade,4,Homens,120704,Total
2,Grande Região,2,%,27.9,3,Sudeste,2023,2023,10270,Distribuição percentual das pessoas de 25 anos ou mais de idade,4,Homens,11627,Sem instrução e fundamental incompleto ou equivalente
2,Grande Região,2,%,13.2,3,Sudeste,2023,2023,10270,Distribuição percentual das pessoas de 25 anos ou mais de idade,4,Homens,48134,Fundamental completo e médio incompleto ou equivalente
2,Grande Região,2,%,38,3,Sudeste,2023,2023,10270,Distribuição percentual das pessoas de 25 anos ou mais de idade,4,Homens,48135,Médio completo ou equivalente e superior incompleto
2,Grande Região,2,%,21,3,Sudeste,2023,2023,10270,Distribuição percentual das pessoas de 25 anos ou mais de idade,4,Homens,99713,Superior completo
2,Grande Região,2,%,100,3,Sudeste,2023,2023,10270,Distribuição percentual das pessoas de 25 anos ou mais de idade,5,Mulheres,120704,Total
2,Grande Região,2,%,27.6,3,Sudeste,2023,2023,10270,Distribuição percentual das pessoas de 25 anos ou mais de idade,5,Mulheres,11627,Sem instrução e fundamental incompleto ou equivalente
2,Grande Região,2,%,11.9,3,Sudeste,2023,2023,10270,Distribuição percentual das pessoas de 25 anos ou mais de idade,5,Mulheres,48134,Fundamental completo e médio incompleto ou equivalente
2,Grande Região,2,%,35.7,3,Sudeste,2023,2023,10270,Distribuição percentual das pessoas de 25 anos ou mais de idade,5,Mulheres,48135,Médio completo ou equivalente e superior incompleto
2,Grande Região,2,%,24.8,3,Sudeste,2023,2023,10270,Distribuição percentual das pessoas de 25 anos ou mais de idade,5,Mulheres,99713,Superior completo
2,Grande Região,2,%,,3,Sudeste,2023,2023,10271,Coeficiente de variação - Distribuição percentual das pessoas de 25 anos ou mais de idade,6794,Total,120704,Total
2,Grande Região,2,%,1.3,3,Sudeste,2023,2023,10271,Coeficiente de variação - Distribuição percentual das pessoas de 25 anos ou mais de idade,6794,Total,11627,Sem instrução e fundamental incompleto ou equivalente
2,Grande Região,2,%,1.7,3,Sudeste,2023,2023,10271,Coeficiente de variação - Distribuição percentual das pessoas de 25 anos ou mais de idade,6794,Total,48134,Fundamental completo e médio incompleto ou equivalente
2,Grande Região,2,%,0.8,3,Sudeste,2023,2023,10271,Coeficiente de variação - Distribuição percentual das pessoas de 25 anos ou mais de idade,6794,Total,48135,Médio completo ou equivalente e superior incompleto
2,Grande Região,2,%,2.1,3,Sudeste,2023,2023,10271,Coeficiente de variação - Distribuição percentual das pessoas de 25 anos ou mais de idade,6794,Total,99713,Superior completo
2,Grande Região,2,%,,3,Sudeste,2023,2023,10271,Coeficiente de variação - Distribuição percentual das pessoas de 25 anos ou mais de idade,4,Homens,120704,Total
2,Grande Região,2,%,1.4,3,Sudeste,2023,2023,10271,Coeficiente de variação - Distribuição percentual das pessoas de 25 anos ou mais de idade,4,Homens,11627,Sem instrução e fundamental incompleto ou equivalente
2,Grande Região,2,%,1.9,3,Sudeste,2023,2023,10271,Coeficiente de variação - Distribuição percentual das pessoas de 25 anos ou mais de idade,4,Homens,48134,Fundamental completo e médio incompleto ou equivalente
2,Grande Região,2,%,1,3,Sudeste,2023,2023,10271,Coeficiente de variação - Distribuição percentual das pessoas de 25 anos ou mais de idade,4,Homens,48135,Médio completo ou equivalente e superior incompleto
2,Grande Região,2,%,2.4,3,Sudeste,2023,2023,10271,Coeficiente de variação - Distribuição percentual das pessoas de 25 anos ou mais de idade,4,Homens,99713,Superior completo
2,Grande Região,2,%,,3,Sudeste,2023,2023,10271,Coeficiente de variação - Distribuição percentual das pessoas de 25 anos ou mais de idade,5,Mulheres,120704,Total
2,Grande Região,2,%,1.4,3,Sudeste,2023,2023,10271,Coeficiente de variação - Distribuição percentual das pessoas de 25 anos ou mais de idade,5,Mulheres,11627,Sem instrução e fundamental incompleto ou equivalente
2,Grande Região,2,%,2.2,3,Sudeste,2023,2023,10271,Coeficiente de variação - Distribuição percentual das pessoas de 25 anos ou mais de idade,5,Mulheres,48134,Fundamental completo e médio incompleto ou equivalente
2,Grande Região,2,%,0.9,3,Sudeste,2023,2023,10271,Coeficiente de variação - Distribuição percentual das pessoas de 25 anos ou mais de idade,5,Mulheres,48135,Médio completo ou equivalente e superior incompleto
2,Grande Região,2,%,2.1,3,Sudeste,2023,2023,10271,Coeficiente de variação - Distribuição percentual das pessoas de 25 anos ou mais de idade,5,Mulheres,99713,Superior completo
2,Grande Região,1572,Mil pessoas,18612,4,Sul,2016,2016,1643,Pessoas de 25 anos ou mais de idade,6794,Total,120704,Total
2,Grande Região,1572,Mil pessoas,7317,4,Sul,2016,2016,1643,Pessoas de 25 anos ou mais de idade,6794,Total,11627,Sem instrução e fundamental incompleto ou equivalente
2,Grande Região,1572,Mil pessoas,2808,4,Sul,2016,2016,1643,Pessoas de 25 anos ou mais de idade,6794,Total,48134,Fundamental completo e médio incompleto ou equivalente
2,Grande Região,1572,Mil pessoas,5438,4,Sul,2016,2016,1643,Pessoas de 25 anos ou mais de idade,6794,Total,48135,Médio completo ou equivalente e superior incompleto
2,Grande Região,1572,Mil pessoas,3049,4,Sul,2016,2016,1643,Pessoas de 25 anos ou mais de idade,6794,Total,99713,Superior completo
2,Grande Região,1572,Mil pessoas,8946,4,Sul,2016,2016,1643,Pessoas de 25 anos ou mais de idade,4,Homens,120704,Total
2,Grande Região,1572,Mil pessoas,3537,4,Sul,2016,2016,1643,Pessoas de 25 anos ou mais de idade,4,Homens,11627,Sem instrução e fundamental incompleto ou equivalente
2,Grande Região,1572,Mil pessoas,1423,4,Sul,2016,2016,1643,Pessoas de 25 anos ou mais de idade,4,Homens,48134,Fundamental completo e médio incompleto ou equivalente
2,Grande Região,1572,Mil pessoas,2706,4,Sul,2016,2016,1643,Pessoas de 25 anos ou mais de idade,4,Homens,48135,Médio completo ou equivalente e superior incompleto
2,Grande Região,1572,Mil pessoas,1280,4,Sul,2016,2016,1643,Pessoas de 25 anos ou mais de idade,4,Homens,99713,Superior completo
2,Grande Região,1572,Mil pessoas,9666,4,Sul,2016,2016,1643,Pessoas de 25 anos ou mais de idade,5,Mulheres,120704,Total
2,Grande Região,1572,Mil pessoas,3780,4,Sul,2016,2016,1643,Pessoas de 25 anos ou mais de idade,5,Mulheres,11627,Sem instrução e fundamental incompleto ou equivalente
2,Grande Região,1572,Mil pessoas,1384,4,Sul,2016,2016,1643,Pessoas de 25 anos ou mais de idade,5,Mulheres,48134,Fundamental completo e médio incompleto ou equivalente
2,Grande Região,1572,Mil pessoas,2732,4,Sul,2016,2016,1643,Pessoas de 25 anos ou mais de idade,5,Mulheres,48135,Médio completo ou equivalente e superior incompleto
2,Grande Região,1572,Mil pessoas,1769,4,Sul,2016,2016,1643,Pessoas de 25 anos ou mais de idade,5,Mulheres,99713,Superior completo
2,Grande Região,2,%,0.4,4,Sul,2016,2016,10269,Coeficiente de variação - Pessoas de 25 anos ou mais de idade,6794,Total,120704,Total
2,Grande Região,2,%,1,4,Sul,2016,2016,10269,Coeficiente de variação - Pessoas de 25 anos ou mais de idade,6794,Total,11627,Sem instrução e fundamental incompleto ou equivalente
2,Grande Região,2,%,1.5,4,Sul,2016,2016,10269,Coeficiente de variação - Pessoas de 25 anos ou mais de idade,6794,Total,48134,Fundamental completo e médio incompleto ou equivalente
2,Grande Região,2,%,1.2,4,Sul,2016,2016,10269,Coeficiente de variação - Pessoas de 25 anos ou mais de idade,6794,Total,48135,Médio completo ou equivalente e superior incompleto
2,Grande Região,2,%,2.2,4,Sul,2016,2016,10269,Coeficiente de variação - Pessoas de 25 anos ou mais de idade,6794,Total,99713,Superior completo
2,Grande Região,2,%,0.4,4,Sul,2016,2016,10269,Coeficiente de variação - Pessoas de 25 anos ou mais de idade,4,Homens,120704,Total
2,Grande Região,2,%,1.2,4,Sul,2016,2016,10269,Coeficiente de variação - Pessoas de 25 anos ou mais de idade,4,Homens,11627,Sem instrução e fundamental incompleto ou equivalente
2,Grande Região,2,%,1.9,4,Sul,2016,2016,10269,Coeficiente de variação - Pessoas de 25 anos ou mais de idade,4,Homens,48134,Fundamental completo e médio incompleto ou equivalente
2,Grande Região,2,%,1.4,4,Sul,2016,2016,10269,Coeficiente de variação - Pessoas de 25 anos ou mais de idade,4,Homens,48135,Médio completo ou equivalente e superior incompleto
2,Grande Região,2,%,2.7,4,Sul,2016,2016,10269,Coeficiente de variação - Pessoas de 25 anos ou mais de idade,4,Homens,99713,Superior completo
2,Grande Região,2,%,0.4,4,Sul,2016,2016,10269,Coeficiente de variação - Pessoas de 25 anos ou mais de idade,5,Mulheres,120704,Total
2,Grande Região,2,%,1,4,Sul,2016,2016,10269,Coeficiente de variação - Pessoas de 25 anos ou mais de idade,5,Mulheres,11627,Sem instrução e fundamental incompleto ou equivalente
2,Grande Região,2,%,1.8,4,Sul,2016,2016,10269,Coeficiente de variação - Pessoas de 25 anos ou mais de idade,5,Mulheres,48134,Fundamental completo e médio incompleto ou equivalente
2,Grande Região,2,%,1.3,4,Sul,2016,2016,10269,Coeficiente de variação - Pessoas de 25 anos ou mais de idade,5,Mulheres,48135,Médio completo ou equivalente e superior incompleto
2,Grande Região,2,%,2.2,4,Sul,2016,2016,10269,Coeficiente de variação - Pessoas de 25 anos ou mais de idade,5,Mulheres,99713,Superior completo
2,Grande Região,2,%,100,4,Sul,2016,2016,10270,Distribuição percentual das pessoas de 25 anos ou mais de idade,6794,Total,120704,Total
2,Grande Região,2,%,39.3,4,Sul,2016,2016,10270,Distribuição percentual das pessoas de 25 anos ou mais de idade,6794,Total,11627,Sem instrução e fundamental incompleto ou equivalente
2,Grande Região,2,%,15.1,4,Sul,2016,2016,10270,Distribuição percentual das pessoas de 25 anos ou mais de idade,6794,Total,48134,Fundamental completo e médio incompleto ou equivalente
2,Grande Região,2,%,29.2,4,Sul,2016,2016,10270,Distribuição percentual das pessoas de 25 anos ou mais de idade,6794,Total,48135,Médio completo ou equivalente e superior incompleto
2,Grande Região,2,%,16.4,4,Sul,2016,2016,10270,Distribuição percentual das pessoas de 25 anos ou mais de idade,6794,Total,99713,Superior completo
2,Grande Região,2,%,100,4,Sul,2016,2016,10270,Distribuição percentual das pessoas de 25 anos ou mais de idade,4,Homens,120704,Total
2,Grande Região,2,%,39.5,4,Sul,2016,2016,10270,Distribuição percentual das pessoas de 25 anos ou mais de idade,4,Homens,11627,Sem instrução e fundamental incompleto ou equivalente
2,Grande Região,2,%,15.9,4,Sul,2016,2016,10270,Distribuição percentual das pessoas de 25 anos ou mais de idade,4,Homens,48134,Fundamental completo e médio incompleto ou equivalente
2,Grande Região,2,%,30.2,4,Sul,2016,2016,10270,Distribuição percentual das pessoas de 25 anos ou mais de idade,4,Homens,48135,Médio completo ou equivalente e superior incompleto
2,Grande Região,2,%,14.3,4,Sul,2016,2016,10270,Distribuição percentual das pessoas de 25 anos ou mais de idade,4,Homens,99713,Superior completo
2,Grande Região,2,%,100,4,Sul,2016,2016,10270,Distribuição percentual das pessoas de 25 anos ou mais de idade,5,Mulheres,120704,Total
2,Grande Região,2,%,39.1,4,Sul,2016,2016,10270,Distribuição percentual das pessoas de 25 anos ou mais de idade,5,Mulheres,11627,Sem instrução e fundamental incompleto ou equivalente
2,Grande Região,2,%,14.3,4,Sul,2016,2016,10270,Distribuição percentual das pessoas de 25 anos ou mais de idade,5,Mulheres,48134,Fundamental completo e médio incompleto ou equivalente
2,Grande Região,2,%,28.3,4,Sul,2016,2016,10270,Distribuição percentual das pessoas de 25 anos ou mais de idade,5,Mulheres,48135,Médio completo ou equivalente e superior incompleto
2,Grande Região,2,%,18.3,4,Sul,2016,2016,10270,Distribuição percentual das pessoas de 25 anos ou mais de idade,5,Mulheres,99713,Superior completo
2,Grande Região,2,%,,4,Sul,2016,2016,10271,Coeficiente de variação - Distribuição percentual das pessoas de 25 anos ou mais de idade,6794,Total,120704,Total
2,Grande Região,2,%,1,4,Sul,2016,2016,10271,Coeficiente de variação - Distribuição percentual das pessoas de 25 anos ou mais de idade,6794,Total,11627,Sem instrução e fundamental incompleto ou equivalente
2,Grande Região,2,%,1.5,4,Sul,2016,2016,10271,Coeficiente de variação - Distribuição percentual das pessoas de 25 anos ou mais de idade,6794,Total,48134,Fundamental completo e médio incompleto ou equivalente
2,Grande Região,2,%,1,4,Sul,2016,2016,10271,Coeficiente de variação - Distribuição percentual das pessoas de 25 anos ou mais de idade,6794,Total,48135,Médio completo ou equivalente e superior incompleto
2,Grande Região,2,%,2.1,4,Sul,2016,2016,10271,Coeficiente de variação - Distribuição percentual das pessoas de 25 anos ou mais de idade,6794,Total,99713,Superior completo
2,Grande Região,2,%,,4,Sul,2016,2016,10271,Coeficiente de variação - Distribuição percentual das pessoas de 25 anos ou mais de idade,4,Homens,120704,Total
2,Grande Região,2,%,1.2,4,Sul,2016,2016,10271,Coeficiente de variação - Distribuição percentual das pessoas de 25 anos ou mais de idade,4,Homens,11627,Sem instrução e fundamental incompleto ou equivalente
2,Grande Região,2,%,1.9,4,Sul,2016,2016,10271,Coeficiente de variação - Distribuição percentual das pessoas de 25 anos ou mais de idade,4,Homens,48134,Fundamental completo e médio incompleto ou equivalente
2,Grande Região,2,%,1.3,4,Sul,2016,2016,10271,Coeficiente de variação - Distribuição percentual das pessoas de 25 anos ou mais de idade,4,Homens,48135,Médio completo ou equivalente e superior incompleto
2,Grande Região,2,%,2.5,4,Sul,2016,2016,10271,Coeficiente de variação - Distribuição percentual das pessoas de 25 anos ou mais de idade,4,Homens,99713,Superior completo
2,Grande Região,2,%,,4,Sul,2016,2016,10271,Coeficiente de variação - Distribuição percentual das pessoas de 25 anos ou mais de idade,5,Mulheres,120704,Total
2,Grande Região,2,%,1,4,Sul,2016,2016,10271,Coeficiente de variação - Distribuição percentual das pessoas de 25 anos ou mais de idade,5,Mulheres,11627,Sem instrução e fundamental incompleto ou equivalente
2,Grande Região,2,%,1.9,4,Sul,2016,2016,10271,Coeficiente de variação - Distribuição percentual das pessoas de 25 anos ou mais de idade,5,Mulheres,48134,Fundamental completo e médio incompleto ou equivalente
2,Grande Região,2,%,1.2,4,Sul,2016,2016,10271,Coeficiente de variação - Distribuição percentual das pessoas de 25 anos ou mais de idade,5,Mulheres,48135,Médio completo ou equivalente e superior incompleto
2,Grande Região,2,%,2,4,Sul,2016,2016,10271,Coeficiente de variação - Distribuição percentual das pessoas de 25 anos ou mais de idade,5,Mulheres,99713,Superior completo
2,Grande Região,1572,Mil pessoas,18983,4,Sul,2017,2017,1643,Pessoas de 25 anos ou mais de idade,6794,Total,120704,Total
2,Grande Região,1572,Mil pessoas,7373,4,Sul,2017,2017,1643,Pessoas de 25 anos ou mais de idade,6794,Total,11627,Sem instrução e fundamental incompleto ou equivalente
2,Grande Região,1572,Mil pessoas,2843,4,Sul,2017,2017,1643,Pessoas de 25 anos ou mais de idade,6794,Total,48134,Fundamental completo e médio incompleto ou equivalente
2,Grande Região,1572,Mil pessoas,5596,4,Sul,2017,2017,1643,Pessoas de 25 anos ou mais de idade,6794,Total,48135,Médio completo ou equivalente e superior incompleto
2,Grande Região,1572,Mil pessoas,3171,4,Sul,2017,2017,1643,Pessoas de 25 anos ou mais de idade,6794,Total,99713,Superior completo
2,Grande Região,1572,Mil pessoas,9111,4,Sul,2017,2017,1643,Pessoas de 25 anos ou mais de idade,4,Homens,120704,Total
2,Grande Região,1572,Mil pessoas,3568,4,Sul,2017,2017,1643,Pessoas de 25 anos ou mais de idade,4,Homens,11627,Sem instrução e fundamental incompleto ou equivalente
2,Grande Região,1572,Mil pessoas,1478,4,Sul,2017,2017,1643,Pessoas de 25 anos ou mais de idade,4,Homens,48134,Fundamental completo e médio incompleto ou equivalente
2,Grande Região,1572,Mil pessoas,2760,4,Sul,2017,2017,1643,Pessoas de 25 anos ou mais de idade,4,Homens,48135,Médio completo ou equivalente e superior incompleto
2,Grande Região,1572,Mil pessoas,1306,4,Sul,2017,2017,1643,Pessoas de 25 anos ou mais de idade,4,Homens,99713,Superior completo
2,Grande Região,1572,Mil pessoas,9872,4,Sul,2017,2017,1643,Pessoas de 25 anos ou mais de idade,5,Mulheres,120704,Total
2,Grande Região,1572,Mil pessoas,3805,4,Sul,2017,2017,1643,Pessoas de 25 anos ou mais de idade,5,Mulheres,11627,Sem instrução e fundamental incompleto ou equivalente
2,Grande Região,1572,Mil pessoas,1366,4,Sul,2017,2017,1643,Pessoas de 25 anos ou mais de idade,5,Mulheres,48134,Fundamental completo e médio incompleto ou equivalente
2,Grande Região,1572,Mil pessoas,2836,4,Sul,2017,2017,1643,Pessoas de 25 anos ou mais de idade,5,Mulheres,48135,Médio completo ou equivalente e superior incompleto
2,Grande Região,1572,Mil pessoas,1865,4,Sul,2017,2017,1643,Pessoas de 25 anos ou mais de idade,5,Mulheres,99713,Superior completo
2,Grande Região,2,%,0.3,4,Sul,2017,2017,10269,Coeficiente de variação - Pessoas de 25 anos ou mais de idade,6794,Total,120704,Total
2,Grande Região,2,%,1.2,4,Sul,2017,2017,10269,Coeficiente de variação - Pessoas de 25 anos ou mais de idade,6794,Total,11627,Sem instrução e fundamental incompleto ou equivalente
2,Grande Região,2,%,1.4,4,Sul,2017,2017,10269,Coeficiente de variação - Pessoas de 25 anos ou mais de idade,6794,Total,48134,Fundamental completo e médio incompleto ou equivalente
2,Grande Região,2,%,1.2,4,Sul,2017,2017,10269,Coeficiente de variação - Pessoas de 25 anos ou mais de idade,6794,Total,48135,Médio completo ou equivalente e superior incompleto
2,Grande Região,2,%,2.3,4,Sul,2017,2017,10269,Coeficiente de variação - Pessoas de 25 anos ou mais de idade,6794,Total,99713,Superior completo
2,Grande Região,2,%,0.5,4,Sul,2017,2017,10269,Coeficiente de variação - Pessoas de 25 anos ou mais de idade,4,Homens,120704,Total
2,Grande Região,2,%,1.4,4,Sul,2017,2017,10269,Coeficiente de variação - Pessoas de 25 anos ou mais de idade,4,Homens,11627,Sem instrução e fundamental incompleto ou equivalente
2,Grande Região,2,%,1.7,4,Sul,2017,2017,10269,Coeficiente de variação - Pessoas de 25 anos ou mais de idade,4,Homens,48134,Fundamental completo e médio incompleto ou equivalente
2,Grande Região,2,%,1.5,4,Sul,2017,2017,10269,Coeficiente de variação - Pessoas de 25 anos ou mais de idade,4,Homens,48135,Médio completo ou equivalente e superior incompleto
2,Grande Região,2,%,2.7,4,Sul,2017,2017,10269,Coeficiente de variação - Pessoas de 25 anos ou mais de idade,4,Homens,99713,Superior completo
2,Grande Região,2,%,0.4,4,Sul,2017,2017,10269,Coeficiente de variação - Pessoas de 25 anos ou mais de idade,5,Mulheres,120704,Total
2,Grande Região,2,%,1.2,4,Sul,2017,2017,10269,Coeficiente de variação - Pessoas de 25 anos ou mais de idade,5,Mulheres,11627,Sem instrução e fundamental incompleto ou equivalente
2,Grande Região,2,%,1.7,4,Sul,2017,2017,10269,Coeficiente de variação - Pessoas de 25 anos ou mais de idade,5,Mulheres,48134,Fundamental completo e médio incompleto ou equivalente
2,Grande Região,2,%,1.2,4,Sul,2017,2017,10269,Coeficiente de variação - Pessoas de 25 anos ou mais de idade,5,Mulheres,48135,Médio completo ou equivalente e superior incompleto
2,Grande Região,2,%,2.3,4,Sul,2017,2017,10269,Coeficiente de variação - Pessoas de 25 anos ou mais de idade,5,Mulheres,99713,Superior completo
2,Grande Região,2,%,100,4,Sul,2017,2017,10270,Distribuição percentual das pessoas de 25 anos ou mais de idade,6794,Total,120704,Total
2,Grande Região,2,%,38.8,4,Sul,2017,2017,10270,Distribuição percentual das pessoas de 25 anos ou mais de idade,6794,Total,11627,Sem instrução e fundamental incompleto ou equivalente
2,Grande Região,2,%,15,4,Sul,2017,2017,10270,Distribuição percentual das pessoas de 25 anos ou mais de idade,6794,Total,48134,Fundamental completo e médio incompleto ou equivalente
2,Grande Região,2,%,29.5,4,Sul,2017,2017,10270,Distribuição percentual das pessoas de 25 anos ou mais de idade,6794,Total,48135,Médio completo ou equivalente e superior incompleto
2,Grande Região,2,%,16.7,4,Sul,2017,2017,10270,Distribuição percentual das pessoas de 25 anos ou mais de idade,6794,Total,99713,Superior completo
2,Grande Região,2,%,100,4,Sul,2017,2017,10270,Distribuição percentual das pessoas de 25 anos ou mais de idade,4,Homens,120704,Total
2,Grande Região,2,%,39.2,4,Sul,2017,2017,10270,Distribuição percentual das pessoas de 25 anos ou mais de idade,4,Homens,11627,Sem instrução e fundamental incompleto ou equivalente
2,Grande Região,2,%,16.2,4,Sul,2017,2017,10270,Distribuição percentual das pessoas de 25 anos ou mais de idade,4,Homens,48134,Fundamental completo e médio incompleto ou equivalente
2,Grande Região,2,%,30.3,4,Sul,2017,2017,10270,Distribuição percentual das pessoas de 25 anos ou mais de idade,4,Homens,48135,Médio completo ou equivalente e superior incompleto
2,Grande Região,2,%,14.3,4,Sul,2017,2017,10270,Distribuição percentual das pessoas de 25 anos ou mais de idade,4,Homens,99713,Superior completo
2,Grande Região,2,%,100,4,Sul,2017,2017,10270,Distribuição percentual das pessoas de 25 anos ou mais de idade,5,Mulheres,120704,Total
2,Grande Região,2,%,38.5,4,Sul,2017,2017,10270,Distribuição percentual das pessoas de 25 anos ou mais de idade,5,Mulheres,11627,Sem instrução e fundamental incompleto ou equivalente
2,Grande Região,2,%,13.8,4,Sul,2017,2017,10270,Distribuição percentual das pessoas de 25 anos ou mais de idade,5,Mulheres,48134,Fundamental completo e médio incompleto ou equivalente
2,Grande Região,2,%,28.7,4,Sul,2017,2017,10270,Distribuição percentual das pessoas de 25 anos ou mais de idade,5,Mulheres,48135,Médio completo ou equivalente e superior incompleto
2,Grande Região,2,%,18.9,4,Sul,2017,2017,10270,Distribuição percentual das pessoas de 25 anos ou mais de idade,5,Mulheres,99713,Superior completo
2,Grande Região,2,%,,4,Sul,2017,2017,10271,Coeficiente de variação - Distribuição percentual das pessoas de 25 anos ou mais de idade,6794,Total,120704,Total
2,Grande Região,2,%,1.2,4,Sul,2017,2017,10271,Coeficiente de variação - Distribuição percentual das pessoas de 25 anos ou mais de idade,6794,Total,11627,Sem instrução e fundamental incompleto ou equivalente
2,Grande Região,2,%,1.4,4,Sul,2017,2017,10271,Coeficiente de variação - Distribuição percentual das pessoas de 25 anos ou mais de idade,6794,Total,48134,Fundamental completo e médio incompleto ou equivalente
2,Grande Região,2,%,1.1,4,Sul,2017,2017,10271,Coeficiente de variação - Distribuição percentual das pessoas de 25 anos ou mais de idade,6794,Total,48135,Médio completo ou equivalente e superior incompleto
2,Grande Região,2,%,2.2,4,Sul,2017,2017,10271,Coeficiente de variação - Distribuição percentual das pessoas de 25 anos ou mais de idade,6794,Total,99713,Superior completo
2,Grande Região,2,%,,4,Sul,2017,2017,10271,Coeficiente de variação - Distribuição percentual das pessoas de 25 anos ou mais de idade,4,Homens,120704,Total
2,Grande Região,2,%,1.4,4,Sul,2017,2017,10271,Coeficiente de variação - Distribuição percentual das pessoas de 25 anos ou mais de idade,4,Homens,11627,Sem instrução e fundamental incompleto ou equivalente
2,Grande Região,2,%,1.7,4,Sul,2017,2017,10271,Coeficiente de variação - Distribuição percentual das pessoas de 25 anos ou mais de idade,4,Homens,48134,Fundamental completo e médio incompleto ou equivalente
2,Grande Região,2,%,1.4,4,Sul,2017,2017,10271,Coeficiente de variação - Distribuição percentual das pessoas de 25 anos ou mais de idade,4,Homens,48135,Médio completo ou equivalente e superior incompleto
2,Grande Região,2,%,2.7,4,Sul,2017,2017,10271,Coeficiente de variação - Distribuição percentual das pessoas de 25 anos ou mais de idade,4,Homens,99713,Superior completo
2,Grande Região,2,%,,4,Sul,2017,2017,10271,Coeficiente de variação - Distribuição percentual das pessoas de 25 anos ou mais de idade,5,Mulheres,120704,Total
2,Grande Região,2,%,1.1,4,Sul,2017,2017,10271,Coeficiente de variação - Distribuição percentual das pessoas de 25 anos ou mais de idade,5,Mulheres,11627,Sem instrução e fundamental incompleto ou equivalente
2,Grande Região,2,%,1.7,4,Sul,2017,2017,10271,Coeficiente de variação - Distribuição percentual das pessoas de 25 anos ou mais de idade,5,Mulheres,48134,Fundamental completo e médio incompleto ou equivalente
2,Grande Região,2,%,1.2,4,Sul,2017,2017,10271,Coeficiente de variação - Distribuição percentual das pessoas de 25 anos ou mais de idade,5,Mulheres,48135,Médio completo ou equivalente e superior incompleto
2,Grande Região,2,%,2.2,4,Sul,2017,2017,10271,Coeficiente de variação - Distribuição percentual das pessoas de 25 anos ou mais de idade,5,Mulheres,99713,Superior completo
2,Grande Região,1572,Mil pessoas,19304,4,Sul,2018,2018,1643,Pessoas de 25 anos ou mais de idade,6794,Total,120704,Total
2,Grande Região,1572,Mil pessoas,7374,4,Sul,2018,2018,1643,Pessoas de 25 anos ou mais de idade,6794,Total,11627,Sem instrução e fundamental incompleto ou equivalente
2,Grande Região,1572,Mil pessoas,2864,4,Sul,2018,2018,1643,Pessoas de 25 anos ou mais de idade,6794,Total,48134,Fundamental completo e médio incompleto ou equivalente
2,Grande Região,1572,Mil pessoas,5709,4,Sul,2018,2018,1643,Pessoas de 25 anos ou mais de idade,6794,Total,48135,Médio completo ou equivalente e superior incompleto
2,Grande Região,1572,Mil pessoas,3357,4,Sul,2018,2018,1643,Pessoas de 25 anos ou mais de idade,6794,Total,99713,Superior completo
2,Grande Região,1572,Mil pessoas,9327,4,Sul,2018,2018,1643,Pessoas de 25 anos ou mais de idade,4,Homens,120704,Total
2,Grande Região,1572,Mil pessoas,3566,4,Sul,2018,2018,1643,Pessoas de 25 anos ou mais de idade,4,Homens,11627,Sem instrução e fundamental incompleto ou equivalente
2,Grande Região,1572,Mil pessoas,1508,4,Sul,2018,2018,1643,Pessoas de 25 anos ou mais de idade,4,Homens,48134,Fundamental completo e médio incompleto ou equivalente
2,Grande Região,1572,Mil pessoas,2825,4,Sul,2018,2018,1643,Pessoas de 25 anos ou mais de idade,4,Homens,48135,Médio completo ou equivalente e superior incompleto
2,Grande Região,1572,Mil pessoas,1428,4,Sul,2018,2018,1643,Pessoas de 25 anos ou mais de idade,4,Homens,99713,Superior completo
2,Grande Região,1572,Mil pessoas,9977,4,Sul,2018,2018,1643,Pessoas de 25 anos ou mais de idade,5,Mulheres,120704,Total
2,Grande Região,1572,Mil pessoas,3808,4,Sul,2018,2018,1643,Pessoas de 25 anos ou mais de idade,5,Mulheres,11627,Sem instrução e fundamental incompleto ou equivalente
2,Grande Região,1572,Mil pessoas,1357,4,Sul,2018,2018,1643,Pessoas de 25 anos ou mais de idade,5,Mulheres,48134,Fundamental completo e médio incompleto ou equivalente
2,Grande Região,1572,Mil pessoas,2884,4,Sul,2018,2018,1643,Pessoas de 25 anos ou mais de idade,5,Mulheres,48135,Médio completo ou equivalente e superior incompleto
2,Grande Região,1572,Mil pessoas,1928,4,Sul,2018,2018,1643,Pessoas de 25 anos ou mais de idade,5,Mulheres,99713,Superior completo
2,Grande Região,2,%,0.4,4,Sul,2018,2018,10269,Coeficiente de variação - Pessoas de 25 anos ou mais de idade,6794,Total,120704,Total
2,Grande Região,2,%,1,4,Sul,2018,2018,10269,Coeficiente de variação - Pessoas de 25 anos ou mais de idade,6794,Total,11627,Sem instrução e fundamental incompleto ou equivalente
2,Grande Região,2,%,1.5,4,Sul,2018,2018,10269,Coeficiente de variação - Pessoas de 25 anos ou mais de idade,6794,Total,48134,Fundamental completo e médio incompleto ou equivalente
2,Grande Região,2,%,1.2,4,Sul,2018,2018,10269,Coeficiente de variação - Pessoas de 25 anos ou mais de idade,6794,Total,48135,Médio completo ou equivalente e superior incompleto
2,Grande Região,2,%,2.4,4,Sul,2018,2018,10269,Coeficiente de variação - Pessoas de 25 anos ou mais de idade,6794,Total,99713,Superior completo
2,Grande Região,2,%,0.5,4,Sul,2018,2018,10269,Coeficiente de variação - Pessoas de 25 anos ou mais de idade,4,Homens,120704,Total
2,Grande Região,2,%,1.3,4,Sul,2018,2018,10269,Coeficiente de variação - Pessoas de 25 anos ou mais de idade,4,Homens,11627,Sem instrução e fundamental incompleto ou equivalente
2,Grande Região,2,%,1.8,4,Sul,2018,2018,10269,Coeficiente de variação - Pessoas de 25 anos ou mais de idade,4,Homens,48134,Fundamental completo e médio incompleto ou equivalente
2,Grande Região,2,%,1.5,4,Sul,2018,2018,10269,Coeficiente de variação - Pessoas de 25 anos ou mais de idade,4,Homens,48135,Médio completo ou equivalente e superior incompleto
2,Grande Região,2,%,2.8,4,Sul,2018,2018,10269,Coeficiente de variação - Pessoas de 25 anos ou mais de idade,4,Homens,99713,Superior completo
2,Grande Região,2,%,0.5,4,Sul,2018,2018,10269,Coeficiente de variação - Pessoas de 25 anos ou mais de idade,5,Mulheres,120704,Total
2,Grande Região,2,%,1.1,4,Sul,2018,2018,10269,Coeficiente de variação - Pessoas de 25 anos ou mais de idade,5,Mulheres,11627,Sem instrução e fundamental incompleto ou equivalente
2,Grande Região,2,%,1.8,4,Sul,2018,2018,10269,Coeficiente de variação - Pessoas de 25 anos ou mais de idade,5,Mulheres,48134,Fundamental completo e médio incompleto ou equivalente
2,Grande Região,2,%,1.4,4,Sul,2018,2018,10269,Coeficiente de variação - Pessoas de 25 anos ou mais de idade,5,Mulheres,48135,Médio completo ou equivalente e superior incompleto
2,Grande Região,2,%,2.3,4,Sul,2018,2018,10269,Coeficiente de variação - Pessoas de 25 anos ou mais de idade,5,Mulheres,99713,Superior completo
2,Grande Região,2,%,100,4,Sul,2018,2018,10270,Distribuição percentual das pessoas de 25 anos ou mais de idade,6794,Total,120704,Total
2,Grande Região,2,%,38.2,4,Sul,2018,2018,10270,Distribuição percentual das pessoas de 25 anos ou mais de idade,6794,Total,11627,Sem instrução e fundamental incompleto ou equivalente
2,Grande Região,2,%,14.8,4,Sul,2018,2018,10270,Distribuição percentual das pessoas de 25 anos ou mais de idade,6794,Total,48134,Fundamental completo e médio incompleto ou equivalente
2,Grande Região,2,%,29.6,4,Sul,2018,2018,10270,Distribuição percentual das pessoas de 25 anos ou mais de idade,6794,Total,48135,Médio completo ou equivalente e superior incompleto
2,Grande Região,2,%,17.4,4,Sul,2018,2018,10270,Distribuição percentual das pessoas de 25 anos ou mais de idade,6794,Total,99713,Superior completo
2,Grande Região,2,%,100,4,Sul,2018,2018,10270,Distribuição percentual das pessoas de 25 anos ou mais de idade,4,Homens,120704,Total
2,Grande Região,2,%,38.2,4,Sul,2018,2018,10270,Distribuição percentual das pessoas de 25 anos ou mais de idade,4,Homens,11627,Sem instrução e fundamental incompleto ou equivalente
2,Grande Região,2,%,16.2,4,Sul,2018,2018,10270,Distribuição percentual das pessoas de 25 anos ou mais de idade,4,Homens,48134,Fundamental completo e médio incompleto ou equivalente
2,Grande Região,2,%,30.3,4,Sul,2018,2018,10270,Distribuição percentual das pessoas de 25 anos ou mais de idade,4,Homens,48135,Médio completo ou equivalente e superior incompleto
2,Grande Região,2,%,15.3,4,Sul,2018,2018,10270,Distribuição percentual das pessoas de 25 anos ou mais de idade,4,Homens,99713,Superior completo
2,Grande Região,2,%,100,4,Sul,2018,2018,10270,Distribuição percentual das pessoas de 25 anos ou mais de idade,5,Mulheres,120704,Total
2,Grande Região,2,%,38.2,4,Sul,2018,2018,10270,Distribuição percentual das pessoas de 25 anos ou mais de idade,5,Mulheres,11627,Sem instrução e fundamental incompleto ou equivalente
2,Grande Região,2,%,13.6,4,Sul,2018,2018,10270,Distribuição percentual das pessoas de 25 anos ou mais de idade,5,Mulheres,48134,Fundamental completo e médio incompleto ou equivalente
2,Grande Região,2,%,28.9,4,Sul,2018,2018,10270,Distribuição percentual das pessoas de 25 anos ou mais de idade,5,Mulheres,48135,Médio completo ou equivalente e superior incompleto
2,Grande Região,2,%,19.3,4,Sul,2018,2018,10270,Distribuição percentual das pessoas de 25 anos ou mais de idade,5,Mulheres,99713,Superior completo
2,Grande Região,2,%,,4,Sul,2018,2018,10271,Coeficiente de variação - Distribuição percentual das pessoas de 25 anos ou mais de idade,6794,Total,120704,Total
2,Grande Região,2,%,1.1,4,Sul,2018,2018,10271,Coeficiente de variação - Distribuição percentual das pessoas de 25 anos ou mais de idade,6794,Total,11627,Sem instrução e fundamental incompleto ou equivalente
2,Grande Região,2,%,1.5,4,Sul,2018,2018,10271,Coeficiente de variação - Distribuição percentual das pessoas de 25 anos ou mais de idade,6794,Total,48134,Fundamental completo e médio incompleto ou equivalente
2,Grande Região,2,%,1.1,4,Sul,2018,2018,10271,Coeficiente de variação - Distribuição percentual das pessoas de 25 anos ou mais de idade,6794,Total,48135,Médio completo ou equivalente e superior incompleto
2,Grande Região,2,%,2.3,4,Sul,2018,2018,10271,Coeficiente de variação - Distribuição percentual das pessoas de 25 anos ou mais de idade,6794,Total,99713,Superior completo
2,Grande Região,2,%,,4,Sul,2018,2018,10271,Coeficiente de variação - Distribuição percentual das pessoas de 25 anos ou mais de idade,4,Homens,120704,Total
2,Grande Região,2,%,1.2,4,Sul,2018,2018,10271,Coeficiente de variação - Distribuição percentual das pessoas de 25 anos ou mais de idade,4,Homens,11627,Sem instrução e fundamental incompleto ou equivalente
2,Grande Região,2,%,1.7,4,Sul,2018,2018,10271,Coeficiente de variação - Distribuição percentual das pessoas de 25 anos ou mais de idade,4,Homens,48134,Fundamental completo e médio incompleto ou equivalente
2,Grande Região,2,%,1.3,4,Sul,2018,2018,10271,Coeficiente de variação - Distribuição percentual das pessoas de 25 anos ou mais de idade,4,Homens,48135,Médio completo ou equivalente e superior incompleto
2,Grande Região,2,%,2.8,4,Sul,2018,2018,10271,Coeficiente de variação - Distribuição percentual das pessoas de 25 anos ou mais de idade,4,Homens,99713,Superior completo
2,Grande Região,2,%,,4,Sul,2018,2018,10271,Coeficiente de variação - Distribuição percentual das pessoas de 25 anos ou mais de idade,5,Mulheres,120704,Total
2,Grande Região,2,%,1.1,4,Sul,2018,2018,10271,Coeficiente de variação - Distribuição percentual das pessoas de 25 anos ou mais de idade,5,Mulheres,11627,Sem instrução e fundamental incompleto ou equivalente
2,Grande Região,2,%,1.8,4,Sul,2018,2018,10271,Coeficiente de variação - Distribuição percentual das pessoas de 25 anos ou mais de idade,5,Mulheres,48134,Fundamental completo e médio incompleto ou equivalente
2,Grande Região,2,%,1.3,4,Sul,2018,2018,10271,Coeficiente de variação - Distribuição percentual das pessoas de 25 anos ou mais de idade,5,Mulheres,48135,Médio completo ou equivalente e superior incompleto
2,Grande Região,2,%,2.1,4,Sul,2018,2018,10271,Coeficiente de variação - Distribuição percentual das pessoas de 25 anos ou mais de idade,5,Mulheres,99713,Superior completo
2,Grande Região,1572,Mil pessoas,19623,4,Sul,2019,2019,1643,Pessoas de 25 anos ou mais de idade,6794,Total,120704,Total
2,Grande Região,1572,Mil pessoas,7048,4,Sul,2019,2019,1643,Pessoas de 25 anos ou mais de idade,6794,Total,11627,Sem instrução e fundamental incompleto ou equivalente
2,Grande Região,1572,Mil pessoas,2886,4,Sul,2019,2019,1643,Pessoas de 25 anos ou mais de idade,6794,Total,48134,Fundamental completo e médio incompleto ou equivalente
2,Grande Região,1572,Mil pessoas,6136,4,Sul,2019,2019,1643,Pessoas de 25 anos ou mais de idade,6794,Total,48135,Médio completo ou equivalente e superior incompleto
2,Grande Região,1572,Mil pessoas,3553,4,Sul,2019,2019,1643,Pessoas de 25 anos ou mais de idade,6794,Total,99713,Superior completo
2,Grande Região,1572,Mil pessoas,9446,4,Sul,2019,2019,1643,Pessoas de 25 anos ou mais de idade,4,Homens,120704,Total
2,Grande Região,1572,Mil pessoas,3410,4,Sul,2019,2019,1643,Pessoas de 25 anos ou mais de idade,4,Homens,11627,Sem instrução e fundamental incompleto ou equivalente
2,Grande Região,1572,Mil pessoas,1476,4,Sul,2019,2019,1643,Pessoas de 25 anos ou mais de idade,4,Homens,48134,Fundamental completo e médio incompleto ou equivalente
2,Grande Região,1572,Mil pessoas,3037,4,Sul,2019,2019,1643,Pessoas de 25 anos ou mais de idade,4,Homens,48135,Médio completo ou equivalente e superior incompleto
2,Grande Região,1572,Mil pessoas,1524,4,Sul,2019,2019,1643,Pessoas de 25 anos ou mais de idade,4,Homens,99713,Superior completo
2,Grande Região,1572,Mil pessoas,10177,4,Sul,2019,2019,1643,Pessoas de 25 anos ou mais de idade,5,Mulheres,120704,Total
2,Grande Região,1572,Mil pessoas,3639,4,Sul,2019,2019,1643,Pessoas de 25 anos ou mais de idade,5,Mulheres,11627,Sem instrução e fundamental incompleto ou equivalente
2,Grande Região,1572,Mil pessoas,1410,4,Sul,2019,2019,1643,Pessoas de 25 anos ou mais de idade,5,Mulheres,48134,Fundamental completo e médio incompleto ou equivalente
2,Grande Região,1572,Mil pessoas,3099,4,Sul,2019,2019,1643,Pessoas de 25 anos ou mais de idade,5,Mulheres,48135,Médio completo ou equivalente e superior incompleto
2,Grande Região,1572,Mil pessoas,2029,4,Sul,2019,2019,1643,Pessoas de 25 anos ou mais de idade,5,Mulheres,99713,Superior completo
2,Grande Região,2,%,0.3,4,Sul,2019,2019,10269,Coeficiente de variação - Pessoas de 25 anos ou mais de idade,6794,Total,120704,Total
2,Grande Região,2,%,1.1,4,Sul,2019,2019,10269,Coeficiente de variação - Pessoas de 25 anos ou mais de idade,6794,Total,11627,Sem instrução e fundamental incompleto ou equivalente
2,Grande Região,2,%,1.4,4,Sul,2019,2019,10269,Coeficiente de variação - Pessoas de 25 anos ou mais de idade,6794,Total,48134,Fundamental completo e médio incompleto ou equivalente
2,Grande Região,2,%,0.9,4,Sul,2019,2019,10269,Coeficiente de variação - Pessoas de 25 anos ou mais de idade,6794,Total,48135,Médio completo ou equivalente e superior incompleto
2,Grande Região,2,%,2.1,4,Sul,2019,2019,10269,Coeficiente de variação - Pessoas de 25 anos ou mais de idade,6794,Total,99713,Superior completo
2,Grande Região,2,%,0.4,4,Sul,2019,2019,10269,Coeficiente de variação - Pessoas de 25 anos ou mais de idade,4,Homens,120704,Total
2,Grande Região,2,%,1.3,4,Sul,2019,2019,10269,Coeficiente de variação - Pessoas de 25 anos ou mais de idade,4,Homens,11627,Sem instrução e fundamental incompleto ou equivalente
2,Grande Região,2,%,1.8,4,Sul,2019,2019,10269,Coeficiente de variação - Pessoas de 25 anos ou mais de idade,4,Homens,48134,Fundamental completo e médio incompleto ou equivalente
2,Grande Região,2,%,1.3,4,Sul,2019,2019,10269,Coeficiente de variação - Pessoas de 25 anos ou mais de idade,4,Homens,48135,Médio completo ou equivalente e superior incompleto
2,Grande Região,2,%,2.6,4,Sul,2019,2019,10269,Coeficiente de variação - Pessoas de 25 anos ou mais de idade,4,Homens,99713,Superior completo
2,Grande Região,2,%,0.4,4,Sul,2019,2019,10269,Coeficiente de variação - Pessoas de 25 anos ou mais de idade,5,Mulheres,120704,Total
2,Grande Região,2,%,1.2,4,Sul,2019,2019,10269,Coeficiente de variação - Pessoas de 25 anos ou mais de idade,5,Mulheres,11627,Sem instrução e fundamental incompleto ou equivalente
2,Grande Região,2,%,1.6,4,Sul,2019,2019,10269,Coeficiente de variação - Pessoas de 25 anos ou mais de idade,5,Mulheres,48134,Fundamental completo e médio incompleto ou equivalente
2,Grande Região,2,%,1.2,4,Sul,2019,2019,10269,Coeficiente de variação - Pessoas de 25 anos ou mais de idade,5,Mulheres,48135,Médio completo ou equivalente e superior incompleto
2,Grande Região,2,%,2.1,4,Sul,2019,2019,10269,Coeficiente de variação - Pessoas de 25 anos ou mais de idade,5,Mulheres,99713,Superior completo
2,Grande Região,2,%,100,4,Sul,2019,2019,10270,Distribuição percentual das pessoas de 25 anos ou mais de idade,6794,Total,120704,Total
2,Grande Região,2,%,35.9,4,Sul,2019,2019,10270,Distribuição percentual das pessoas de 25 anos ou mais de idade,6794,Total,11627,Sem instrução e fundamental incompleto ou equivalente
2,Grande Região,2,%,14.7,4,Sul,2019,2019,10270,Distribuição percentual das pessoas de 25 anos ou mais de idade,6794,Total,48134,Fundamental completo e médio incompleto ou equivalente
2,Grande Região,2,%,31.3,4,Sul,2019,2019,10270,Distribuição percentual das pessoas de 25 anos ou mais de idade,6794,Total,48135,Médio completo ou equivalente e superior incompleto
2,Grande Região,2,%,18.1,4,Sul,2019,2019,10270,Distribuição percentual das pessoas de 25 anos ou mais de idade,6794,Total,99713,Superior completo
2,Grande Região,2,%,100,4,Sul,2019,2019,10270,Distribuição percentual das pessoas de 25 anos ou mais de idade,4,Homens,120704,Total
2,Grande Região,2,%,36.1,4,Sul,2019,2019,10270,Distribuição percentual das pessoas de 25 anos ou mais de idade,4,Homens,11627,Sem instrução e fundamental incompleto ou equivalente
2,Grande Região,2,%,15.6,4,Sul,2019,2019,10270,Distribuição percentual das pessoas de 25 anos ou mais de idade,4,Homens,48134,Fundamental completo e médio incompleto ou equivalente
2,Grande Região,2,%,32.1,4,Sul,2019,2019,10270,Distribuição percentual das pessoas de 25 anos ou mais de idade,4,Homens,48135,Médio completo ou equivalente e superior incompleto
2,Grande Região,2,%,16.1,4,Sul,2019,2019,10270,Distribuição percentual das pessoas de 25 anos ou mais de idade,4,Homens,99713,Superior completo
2,Grande Região,2,%,100,4,Sul,2019,2019,10270,Distribuição percentual das pessoas de 25 anos ou mais de idade,5,Mulheres,120704,Total
2,Grande Região,2,%,35.8,4,Sul,2019,2019,10270,Distribuição percentual das pessoas de 25 anos ou mais de idade,5,Mulheres,11627,Sem instrução e fundamental incompleto ou equivalente
2,Grande Região,2,%,13.9,4,Sul,2019,2019,10270,Distribuição percentual das pessoas de 25 anos ou mais de idade,5,Mulheres,48134,Fundamental completo e médio incompleto ou equivalente
2,Grande Região,2,%,30.4,4,Sul,2019,2019,10270,Distribuição percentual das pessoas de 25 anos ou mais de idade,5,Mulheres,48135,Médio completo ou equivalente e superior incompleto
2,Grande Região,2,%,19.9,4,Sul,2019,2019,10270,Distribuição percentual das pessoas de 25 anos ou mais de idade,5,Mulheres,99713,Superior completo
2,Grande Região,2,%,,4,Sul,2019,2019,10271,Coeficiente de variação - Distribuição percentual das pessoas de 25 anos ou mais de idade,6794,Total,120704,Total
2,Grande Região,2,%,1.1,4,Sul,2019,2019,10271,Coeficiente de variação - Distribuição percentual das pessoas de 25 anos ou mais de idade,6794,Total,11627,Sem instrução e fundamental incompleto ou equivalente
2,Grande Região,2,%,1.4,4,Sul,2019,2019,10271,Coeficiente de variação - Distribuição percentual das pessoas de 25 anos ou mais de idade,6794,Total,48134,Fundamental completo e médio incompleto ou equivalente
2,Grande Região,2,%,0.9,4,Sul,2019,2019,10271,Coeficiente de variação - Distribuição percentual das pessoas de 25 anos ou mais de idade,6794,Total,48135,Médio completo ou equivalente e superior incompleto
2,Grande Região,2,%,2,4,Sul,2019,2019,10271,Coeficiente de variação - Distribuição percentual das pessoas de 25 anos ou mais de idade,6794,Total,99713,Superior completo
2,Grande Região,2,%,,4,Sul,2019,2019,10271,Coeficiente de variação - Distribuição percentual das pessoas de 25 anos ou mais de idade,4,Homens,120704,Total
2,Grande Região,2,%,1.3,4,Sul,2019,2019,10271,Coeficiente de variação - Distribuição percentual das pessoas de 25 anos ou mais de idade,4,Homens,11627,Sem instrução e fundamental incompleto ou equivalente
2,Grande Região,2,%,1.9,4,Sul,2019,2019,10271,Coeficiente de variação - Distribuição percentual das pessoas de 25 anos ou mais de idade,4,Homens,48134,Fundamental completo e médio incompleto ou equivalente
2,Grande Região,2,%,1.2,4,Sul,2019,2019,10271,Coeficiente de variação - Distribuição percentual das pessoas de 25 anos ou mais de idade,4,Homens,48135,Médio completo ou equivalente e superior incompleto
2,Grande Região,2,%,2.5,4,Sul,2019,2019,10271,Coeficiente de variação - Distribuição percentual das pessoas de 25 anos ou mais de idade,4,Homens,99713,Superior completo
2,Grande Região,2,%,,4,Sul,2019,2019,10271,Coeficiente de variação - Distribuição percentual das pessoas de 25 anos ou mais de idade,5,Mulheres,120704,Total
2,Grande Região,2,%,1.2,4,Sul,2019,2019,10271,Coeficiente de variação - Distribuição percentual das pessoas de 25 anos ou mais de idade,5,Mulheres,11627,Sem instrução e fundamental incompleto ou equivalente
2,Grande Região,2,%,1.6,4,Sul,2019,2019,10271,Coeficiente de variação - Distribuição percentual das pessoas de 25 anos ou mais de idade,5,Mulheres,48134,Fundamental completo e médio incompleto ou equivalente
2,Grande Região,2,%,1.1,4,Sul,2019,2019,10271,Coeficiente de variação - Distribuição percentual das pessoas de 25 anos ou mais de idade,5,Mulheres,48135,Médio completo ou equivalente e superior incompleto
2,Grande Região,2,%,2,4,Sul,2019,2019,10271,Coeficiente de variação - Distribuição percentual das pessoas de 25 anos ou mais de idade,5,Mulheres,99713,Superior completo
2,Grande Região,1572,Mil pessoas,20382,4,Sul,2022,2022,1643,Pessoas de 25 anos ou mais de idade,6794,Total,120704,Total
2,Grande Região,1572,Mil pessoas,6794,4,Sul,2022,2022,1643,Pessoas de 25 anos ou mais de idade,6794,Total,11627,Sem instrução e fundamental incompleto ou equivalente
2,Grande Região,1572,Mil pessoas,3022,4,Sul,2022,2022,1643,Pessoas de 25 anos ou mais de idade,6794,Total,48134,Fundamental completo e médio incompleto ou equivalente
2,Grande Região,1572,Mil pessoas,6487,4,Sul,2022,2022,1643,Pessoas de 25 anos ou mais de idade,6794,Total,48135,Médio completo ou equivalente e superior incompleto
2,Grande Região,1572,Mil pessoas,4079,4,Sul,2022,2022,1643,Pessoas de 25 anos ou mais de idade,6794,Total,99713,Superior completo
2,Grande Região,1572,Mil pessoas,9852,4,Sul,2022,2022,1643,Pessoas de 25 anos ou mais de idade,4,Homens,120704,Total
2,Grande Região,1572,Mil pessoas,3304,4,Sul,2022,2022,1643,Pessoas de 25 anos ou mais de idade,4,Homens,11627,Sem instrução e fundamental incompleto ou equivalente
2,Grande Região,1572,Mil pessoas,1611,4,Sul,2022,2022,1643,Pessoas de 25 anos ou mais de idade,4,Homens,48134,Fundamental completo e médio incompleto ou equivalente
2,Grande Região,1572,Mil pessoas,3239,4,Sul,2022,2022,1643,Pessoas de 25 anos ou mais de idade,4,Homens,48135,Médio completo ou equivalente e superior incompleto
2,Grande Região,1572,Mil pessoas,1697,4,Sul,2022,2022,1643,Pessoas de 25 anos ou mais de idade,4,Homens,99713,Superior completo
2,Grande Região,1572,Mil pessoas,10529,4,Sul,2022,2022,1643,Pessoas de 25 anos ou mais de idade,5,Mulheres,120704,Total
2,Grande Região,1572,Mil pessoas,3490,4,Sul,2022,2022,1643,Pessoas de 25 anos ou mais de idade,5,Mulheres,11627,Sem instrução e fundamental incompleto ou equivalente
2,Grande Região,1572,Mil pessoas,1411,4,Sul,2022,2022,1643,Pessoas de 25 anos ou mais de idade,5,Mulheres,48134,Fundamental completo e médio incompleto ou equivalente
2,Grande Região,1572,Mil pessoas,3247,4,Sul,2022,2022,1643,Pessoas de 25 anos ou mais de idade,5,Mulheres,48135,Médio completo ou equivalente e superior incompleto
2,Grande Região,1572,Mil pessoas,2382,4,Sul,2022,2022,1643,Pessoas de 25 anos ou mais de idade,5,Mulheres,99713,Superior completo
2,Grande Região,2,%,0.3,4,Sul,2022,2022,10269,Coeficiente de variação - Pessoas de 25 anos ou mais de idade,6794,Total,120704,Total
2,Grande Região,2,%,1.1,4,Sul,2022,2022,10269,Coeficiente de variação - Pessoas de 25 anos ou mais de idade,6794,Total,11627,Sem instrução e fundamental incompleto ou equivalente
2,Grande Região,2,%,1.5,4,Sul,2022,2022,10269,Coeficiente de variação - Pessoas de 25 anos ou mais de idade,6794,Total,48134,Fundamental completo e médio incompleto ou equivalente
2,Grande Região,2,%,1,4,Sul,2022,2022,10269,Coeficiente de variação - Pessoas de 25 anos ou mais de idade,6794,Total,48135,Médio completo ou equivalente e superior incompleto
2,Grande Região,2,%,2,4,Sul,2022,2022,10269,Coeficiente de variação - Pessoas de 25 anos ou mais de idade,6794,Total,99713,Superior completo
2,Grande Região,2,%,0.4,4,Sul,2022,2022,10269,Coeficiente de variação - Pessoas de 25 anos ou mais de idade,4,Homens,120704,Total
2,Grande Região,2,%,1.4,4,Sul,2022,2022,10269,Coeficiente de variação - Pessoas de 25 anos ou mais de idade,4,Homens,11627,Sem instrução e fundamental incompleto ou equivalente
2,Grande Região,2,%,1.7,4,Sul,2022,2022,10269,Coeficiente de variação - Pessoas de 25 anos ou mais de idade,4,Homens,48134,Fundamental completo e médio incompleto ou equivalente
2,Grande Região,2,%,1.2,4,Sul,2022,2022,10269,Coeficiente de variação - Pessoas de 25 anos ou mais de idade,4,Homens,48135,Médio completo ou equivalente e superior incompleto
2,Grande Região,2,%,2.5,4,Sul,2022,2022,10269,Coeficiente de variação - Pessoas de 25 anos ou mais de idade,4,Homens,99713,Superior completo
2,Grande Região,2,%,0.4,4,Sul,2022,2022,10269,Coeficiente de variação - Pessoas de 25 anos ou mais de idade,5,Mulheres,120704,Total
2,Grande Região,2,%,1.2,4,Sul,2022,2022,10269,Coeficiente de variação - Pessoas de 25 anos ou mais de idade,5,Mulheres,11627,Sem instrução e fundamental incompleto ou equivalente
2,Grande Região,2,%,2,4,Sul,2022,2022,10269,Coeficiente de variação - Pessoas de 25 anos ou mais de idade,5,Mulheres,48134,Fundamental completo e médio incompleto ou equivalente
2,Grande Região,2,%,1.1,4,Sul,2022,2022,10269,Coeficiente de variação - Pessoas de 25 anos ou mais de idade,5,Mulheres,48135,Médio completo ou equivalente e superior incompleto
2,Grande Região,2,%,1.9,4,Sul,2022,2022,10269,Coeficiente de variação - Pessoas de 25 anos ou mais de idade,5,Mulheres,99713,Superior completo
2,Grande Região,2,%,100,4,Sul,2022,2022,10270,Distribuição percentual das pessoas de 25 anos ou mais de idade,6794,Total,120704,Total
2,Grande Região,2,%,33.3,4,Sul,2022,2022,10270,Distribuição percentual das pessoas de 25 anos ou mais de idade,6794,Total,11627,Sem instrução e fundamental incompleto ou equivalente
2,Grande Região,2,%,14.8,4,Sul,2022,2022,10270,Distribuição percentual das pessoas de 25 anos ou mais de idade,6794,Total,48134,Fundamental completo e médio incompleto ou equivalente
2,Grande Região,2,%,31.8,4,Sul,2022,2022,10270,Distribuição percentual das pessoas de 25 anos ou mais de idade,6794,Total,48135,Médio completo ou equivalente e superior incompleto
2,Grande Região,2,%,20,4,Sul,2022,2022,10270,Distribuição percentual das pessoas de 25 anos ou mais de idade,6794,Total,99713,Superior completo
2,Grande Região,2,%,100,4,Sul,2022,2022,10270,Distribuição percentual das pessoas de 25 anos ou mais de idade,4,Homens,120704,Total
2,Grande Região,2,%,33.5,4,Sul,2022,2022,10270,Distribuição percentual das pessoas de 25 anos ou mais de idade,4,Homens,11627,Sem instrução e fundamental incompleto ou equivalente
2,Grande Região,2,%,16.4,4,Sul,2022,2022,10270,Distribuição percentual das pessoas de 25 anos ou mais de idade,4,Homens,48134,Fundamental completo e médio incompleto ou equivalente
2,Grande Região,2,%,32.9,4,Sul,2022,2022,10270,Distribuição percentual das pessoas de 25 anos ou mais de idade,4,Homens,48135,Médio completo ou equivalente e superior incompleto
2,Grande Região,2,%,17.2,4,Sul,2022,2022,10270,Distribuição percentual das pessoas de 25 anos ou mais de idade,4,Homens,99713,Superior completo
2,Grande Região,2,%,100,4,Sul,2022,2022,10270,Distribuição percentual das pessoas de 25 anos ou mais de idade,5,Mulheres,120704,Total
2,Grande Região,2,%,33.1,4,Sul,2022,2022,10270,Distribuição percentual das pessoas de 25 anos ou mais de idade,5,Mulheres,11627,Sem instrução e fundamental incompleto ou equivalente
2,Grande Região,2,%,13.4,4,Sul,2022,2022,10270,Distribuição percentual das pessoas de 25 anos ou mais de idade,5,Mulheres,48134,Fundamental completo e médio incompleto ou equivalente
2,Grande Região,2,%,30.8,4,Sul,2022,2022,10270,Distribuição percentual das pessoas de 25 anos ou mais de idade,5,Mulheres,48135,Médio completo ou equivalente e superior incompleto
2,Grande Região,2,%,22.6,4,Sul,2022,2022,10270,Distribuição percentual das pessoas de 25 anos ou mais de idade,5,Mulheres,99713,Superior completo
2,Grande Região,2,%,,4,Sul,2022,2022,10271,Coeficiente de variação - Distribuição percentual das pessoas de 25 anos ou mais de idade,6794,Total,120704,Total
2,Grande Região,2,%,1.2,4,Sul,2022,2022,10271,Coeficiente de variação - Distribuição percentual das pessoas de 25 anos ou mais de idade,6794,Total,11627,Sem instrução e fundamental incompleto ou equivalente
2,Grande Região,2,%,1.5,4,Sul,2022,2022,10271,Coeficiente de variação - Distribuição percentual das pessoas de 25 anos ou mais de idade,6794,Total,48134,Fundamental completo e médio incompleto ou equivalente
2,Grande Região,2,%,0.9,4,Sul,2022,2022,10271,Coeficiente de variação - Distribuição percentual das pessoas de 25 anos ou mais de idade,6794,Total,48135,Médio completo ou equivalente e superior incompleto
2,Grande Região,2,%,1.8,4,Sul,2022,2022,10271,Coeficiente de variação - Distribuição percentual das pessoas de 25 anos ou mais de idade,6794,Total,99713,Superior completo
2,Grande Região,2,%,,4,Sul,2022,2022,10271,Coeficiente de variação - Distribuição percentual das pessoas de 25 anos ou mais de idade,4,Homens,120704,Total
2,Grande Região,2,%,1.3,4,Sul,2022,2022,10271,Coeficiente de variação - Distribuição percentual das pessoas de 25 anos ou mais de idade,4,Homens,11627,Sem instrução e fundamental incompleto ou equivalente
2,Grande Região,2,%,1.7,4,Sul,2022,2022,10271,Coeficiente de variação - Distribuição percentual das pessoas de 25 anos ou mais de idade,4,Homens,48134,Fundamental completo e médio incompleto ou equivalente
2,Grande Região,2,%,1.1,4,Sul,2022,2022,10271,Coeficiente de variação - Distribuição percentual das pessoas de 25 anos ou mais de idade,4,Homens,48135,Médio completo ou equivalente e superior incompleto
2,Grande Região,2,%,2.3,4,Sul,2022,2022,10271,Coeficiente de variação - Distribuição percentual das pessoas de 25 anos ou mais de idade,4,Homens,99713,Superior completo
2,Grande Região,2,%,,4,Sul,2022,2022,10271,Coeficiente de variação - Distribuição percentual das pessoas de 25 anos ou mais de idade,5,Mulheres,120704,Total
2,Grande Região,2,%,1.2,4,Sul,2022,2022,10271,Coeficiente de variação - Distribuição percentual das pessoas de 25 anos ou mais de idade,5,Mulheres,11627,Sem instrução e fundamental incompleto ou equivalente
2,Grande Região,2,%,2,4,Sul,2022,2022,10271,Coeficiente de variação - Distribuição percentual das pessoas de 25 anos ou mais de idade,5,Mulheres,48134,Fundamental completo e médio incompleto ou equivalente
2,Grande Região,2,%,1.1,4,Sul,2022,2022,10271,Coeficiente de variação - Distribuição percentual das pessoas de 25 anos ou mais de idade,5,Mulheres,48135,Médio completo ou equivalente e superior incompleto
2,Grande Região,2,%,1.8,4,Sul,2022,2022,10271,Coeficiente de variação - Distribuição percentual das pessoas de 25 anos ou mais de idade,5,Mulheres,99713,Superior completo
2,Grande Região,1572,Mil pessoas,20658,4,Sul,2023,2023,1643,Pessoas de 25 anos ou mais de idade,6794,Total,120704,Total
2,Grande Região,1572,Mil pessoas,6783,4,Sul,2023,2023,1643,Pessoas de 25 anos ou mais de idade,6794,Total,11627,Sem instrução e fundamental incompleto ou equivalente
2,Grande Região,1572,Mil pessoas,2959,4,Sul,2023,2023,1643,Pessoas de 25 anos ou mais de idade,6794,Total,48134,Fundamental completo e médio incompleto ou equivalente
2,Grande Região,1572,Mil pessoas,6805,4,Sul,2023,2023,1643,Pessoas de 25 anos ou mais de idade,6794,Total,48135,Médio completo ou equivalente e superior incompleto
2,Grande Região,1572,Mil pessoas,4111,4,Sul,2023,2023,1643,Pessoas de 25 anos ou mais de idade,6794,Total,99713,Superior completo
2,Grande Região,1572,Mil pessoas,10015,4,Sul,2023,2023,1643,Pessoas de 25 anos ou mais de idade,4,Homens,120704,Total
2,Grande Região,1572,Mil pessoas,3311,4,Sul,2023,2023,1643,Pessoas de 25 anos ou mais de idade,4,Homens,11627,Sem instrução e fundamental incompleto ou equivalente
2,Grande Região,1572,Mil pessoas,1537,4,Sul,2023,2023,1643,Pessoas de 25 anos ou mais de idade,4,Homens,48134,Fundamental completo e médio incompleto ou equivalente
2,Grande Região,1572,Mil pessoas,3422,4,Sul,2023,2023,1643,Pessoas de 25 anos ou mais de idade,4,Homens,48135,Médio completo ou equivalente e superior incompleto
2,Grande Região,1572,Mil pessoas,1744,4,Sul,2023,2023,1643,Pessoas de 25 anos ou mais de idade,4,Homens,99713,Superior completo
2,Grande Região,1572,Mil pessoas,10643,4,Sul,2023,2023,1643,Pessoas de 25 anos ou mais de idade,5,Mulheres,120704,Total
2,Grande Região,1572,Mil pessoas,3471,4,Sul,2023,2023,1643,Pessoas de 25 anos ou mais de idade,5,Mulheres,11627,Sem instrução e fundamental incompleto ou equivalente
2,Grande Região,1572,Mil pessoas,1422,4,Sul,2023,2023,1643,Pessoas de 25 anos ou mais de idade,5,Mulheres,48134,Fundamental completo e médio incompleto ou equivalente
2,Grande Região,1572,Mil pessoas,3382,4,Sul,2023,2023,1643,Pessoas de 25 anos ou mais de idade,5,Mulheres,48135,Médio completo ou equivalente e superior incompleto
2,Grande Região,1572,Mil pessoas,2368,4,Sul,2023,2023,1643,Pessoas de 25 anos ou mais de idade,5,Mulheres,99713,Superior completo
2,Grande Região,2,%,0.4,4,Sul,2023,2023,10269,Coeficiente de variação - Pessoas de 25 anos ou mais de idade,6794,Total,120704,Total
2,Grande Região,2,%,1.2,4,Sul,2023,2023,10269,Coeficiente de variação - Pessoas de 25 anos ou mais de idade,6794,Total,11627,Sem instrução e fundamental incompleto ou equivalente
2,Grande Região,2,%,1.5,4,Sul,2023,2023,10269,Coeficiente de variação - Pessoas de 25 anos ou mais de idade,6794,Total,48134,Fundamental completo e médio incompleto ou equivalente
2,Grande Região,2,%,1.1,4,Sul,2023,2023,10269,Coeficiente de variação - Pessoas de 25 anos ou mais de idade,6794,Total,48135,Médio completo ou equivalente e superior incompleto
2,Grande Região,2,%,2,4,Sul,2023,2023,10269,Coeficiente de variação - Pessoas de 25 anos ou mais de idade,6794,Total,99713,Superior completo
2,Grande Região,2,%,0.5,4,Sul,2023,2023,10269,Coeficiente de variação - Pessoas de 25 anos ou mais de idade,4,Homens,120704,Total
2,Grande Região,2,%,1.3,4,Sul,2023,2023,10269,Coeficiente de variação - Pessoas de 25 anos ou mais de idade,4,Homens,11627,Sem instrução e fundamental incompleto ou equivalente
2,Grande Região,2,%,1.9,4,Sul,2023,2023,10269,Coeficiente de variação - Pessoas de 25 anos ou mais de idade,4,Homens,48134,Fundamental completo e médio incompleto ou equivalente
2,Grande Região,2,%,1.4,4,Sul,2023,2023,10269,Coeficiente de variação - Pessoas de 25 anos ou mais de idade,4,Homens,48135,Médio completo ou equivalente e superior incompleto
2,Grande Região,2,%,2.4,4,Sul,2023,2023,10269,Coeficiente de variação - Pessoas de 25 anos ou mais de idade,4,Homens,99713,Superior completo
2,Grande Região,2,%,0.5,4,Sul,2023,2023,10269,Coeficiente de variação - Pessoas de 25 anos ou mais de idade,5,Mulheres,120704,Total
2,Grande Região,2,%,1.3,4,Sul,2023,2023,10269,Coeficiente de variação - Pessoas de 25 anos ou mais de idade,5,Mulheres,11627,Sem instrução e fundamental incompleto ou equivalente
2,Grande Região,2,%,2,4,Sul,2023,2023,10269,Coeficiente de variação - Pessoas de 25 anos ou mais de idade,5,Mulheres,48134,Fundamental completo e médio incompleto ou equivalente
2,Grande Região,2,%,1.3,4,Sul,2023,2023,10269,Coeficiente de variação - Pessoas de 25 anos ou mais de idade,5,Mulheres,48135,Médio completo ou equivalente e superior incompleto
2,Grande Região,2,%,2,4,Sul,2023,2023,10269,Coeficiente de variação - Pessoas de 25 anos ou mais de idade,5,Mulheres,99713,Superior completo
2,Grande Região,2,%,100,4,Sul,2023,2023,10270,Distribuição percentual das pessoas de 25 anos ou mais de idade,6794,Total,120704,Total
2,Grande Região,2,%,32.8,4,Sul,2023,2023,10270,Distribuição percentual das pessoas de 25 anos ou mais de idade,6794,Total,11627,Sem instrução e fundamental incompleto ou equivalente
2,Grande Região,2,%,14.3,4,Sul,2023,2023,10270,Distribuição percentual das pessoas de 25 anos ou mais de idade,6794,Total,48134,Fundamental completo e médio incompleto ou equivalente
2,Grande Região,2,%,32.9,4,Sul,2023,2023,10270,Distribuição percentual das pessoas de 25 anos ou mais de idade,6794,Total,48135,Médio completo ou equivalente e superior incompleto
2,Grande Região,2,%,19.9,4,Sul,2023,2023,10270,Distribuição percentual das pessoas de 25 anos ou mais de idade,6794,Total,99713,Superior completo
2,Grande Região,2,%,100,4,Sul,2023,2023,10270,Distribuição percentual das pessoas de 25 anos ou mais de idade,4,Homens,120704,Total
2,Grande Região,2,%,33.1,4,Sul,2023,2023,10270,Distribuição percentual das pessoas de 25 anos ou mais de idade,4,Homens,11627,Sem instrução e fundamental incompleto ou equivalente
2,Grande Região,2,%,15.4,4,Sul,2023,2023,10270,Distribuição percentual das pessoas de 25 anos ou mais de idade,4,Homens,48134,Fundamental completo e médio incompleto ou equivalente
2,Grande Região,2,%,34.2,4,Sul,2023,2023,10270,Distribuição percentual das pessoas de 25 anos ou mais de idade,4,Homens,48135,Médio completo ou equivalente e superior incompleto
2,Grande Região,2,%,17.4,4,Sul,2023,2023,10270,Distribuição percentual das pessoas de 25 anos ou mais de idade,4,Homens,99713,Superior completo
2,Grande Região,2,%,100,4,Sul,2023,2023,10270,Distribuição percentual das pessoas de 25 anos ou mais de idade,5,Mulheres,120704,Total
2,Grande Região,2,%,32.6,4,Sul,2023,2023,10270,Distribuição percentual das pessoas de 25 anos ou mais de idade,5,Mulheres,11627,Sem instrução e fundamental incompleto ou equivalente
2,Grande Região,2,%,13.4,4,Sul,2023,2023,10270,Distribuição percentual das pessoas de 25 anos ou mais de idade,5,Mulheres,48134,Fundamental completo e médio incompleto ou equivalente
2,Grande Região,2,%,31.8,4,Sul,2023,2023,10270,Distribuição percentual das pessoas de 25 anos ou mais de idade,5,Mulheres,48135,Médio completo ou equivalente e superior incompleto
2,Grande Região,2,%,22.2,4,Sul,2023,2023,10270,Distribuição percentual das pessoas de 25 anos ou mais de idade,5,Mulheres,99713,Superior completo
2,Grande Região,2,%,,4,Sul,2023,2023,10271,Coeficiente de variação - Distribuição percentual das pessoas de 25 anos ou mais de idade,6794,Total,120704,Total
2,Grande Região,2,%,1.1,4,Sul,2023,2023,10271,Coeficiente de variação - Distribuição percentual das pessoas de 25 anos ou mais de idade,6794,Total,11627,Sem instrução e fundamental incompleto ou equivalente
2,Grande Região,2,%,1.5,4,Sul,2023,2023,10271,Coeficiente de variação - Distribuição percentual das pessoas de 25 anos ou mais de idade,6794,Total,48134,Fundamental completo e médio incompleto ou equivalente
2,Grande Região,2,%,1.1,4,Sul,2023,2023,10271,Coeficiente de variação - Distribuição percentual das pessoas de 25 anos ou mais de idade,6794,Total,48135,Médio completo ou equivalente e superior incompleto
2,Grande Região,2,%,1.9,4,Sul,2023,2023,10271,Coeficiente de variação - Distribuição percentual das pessoas de 25 anos ou mais de idade,6794,Total,99713,Superior completo
2,Grande Região,2,%,,4,Sul,2023,2023,10271,Coeficiente de variação - Distribuição percentual das pessoas de 25 anos ou mais de idade,4,Homens,120704,Total
2,Grande Região,2,%,1.3,4,Sul,2023,2023,10271,Coeficiente de variação - Distribuição percentual das pessoas de 25 anos ou mais de idade,4,Homens,11627,Sem instrução e fundamental incompleto ou equivalente
2,Grande Região,2,%,1.8,4,Sul,2023,2023,10271,Coeficiente de variação - Distribuição percentual das pessoas de 25 anos ou mais de idade,4,Homens,48134,Fundamental completo e médio incompleto ou equivalente
2,Grande Região,2,%,1.3,4,Sul,2023,2023,10271,Coeficiente de variação - Distribuição percentual das pessoas de 25 anos ou mais de idade,4,Homens,48135,Médio completo ou equivalente e superior incompleto
2,Grande Região,2,%,2.2,4,Sul,2023,2023,10271,Coeficiente de variação - Distribuição percentual das pessoas de 25 anos ou mais de idade,4,Homens,99713,Superior completo
2,Grande Região,2,%,,4,Sul,2023,2023,10271,Coeficiente de variação - Distribuição percentual das pessoas de 25 anos ou mais de idade,5,Mulheres,120704,Total
2,Grande Região,2,%,1.2,4,Sul,2023,2023,10271,Coeficiente de variação - Distribuição percentual das pessoas de 25 anos ou mais de idade,5,Mulheres,11627,Sem instrução e fundamental incompleto ou equivalente
2,Grande Região,2,%,2,4,Sul,2023,2023,10271,Coeficiente de variação - Distribuição percentual das pessoas de 25 anos ou mais de idade,5,Mulheres,48134,Fundamental completo e médio incompleto ou equivalente
2,Grande Região,2,%,1.3,4,Sul,2023,2023,10271,Coeficiente de variação - Distribuição percentual das pessoas de 25 anos ou mais de idade,5,Mulheres,48135,Médio completo ou equivalente e superior incompleto
2,Grande Região,2,%,1.9,4,Sul,2023,2023,10271,Coeficiente de variação - Distribuição percentual das pessoas de 25 anos ou mais de idade,5,Mulheres,99713,Superior completo
2,Grande Região,1572,Mil pessoas,9283,5,Centro-Oeste,2016,2016,1643,Pessoas de 25 anos ou mais de idade,6794,Total,120704,Total
2,Grande Região,1572,Mil pessoas,3594,5,Centro-Oeste,2016,2016,1643,Pessoas de 25 anos ou mais de idade,6794,Total,11627,Sem instrução e fundamental incompleto ou equivalente
2,Grande Região,1572,Mil pessoas,1286,5,Centro-Oeste,2016,2016,1643,Pessoas de 25 anos ou mais de idade,6794,Total,48134,Fundamental completo e médio incompleto ou equivalente
2,Grande Região,1572,Mil pessoas,2785,5,Centro-Oeste,2016,2016,1643,Pessoas de 25 anos ou mais de idade,6794,Total,48135,Médio completo ou equivalente e superior incompleto
2,Grande Região,1572,Mil pessoas,1617,5,Centro-Oeste,2016,2016,1643,Pessoas de 25 anos ou mais de idade,6794,Total,99713,Superior completo
2,Grande Região,1572,Mil pessoas,4502,5,Centro-Oeste,2016,2016,1643,Pessoas de 25 anos ou mais de idade,4,Homens,120704,Total
2,Grande Região,1572,Mil pessoas,1862,5,Centro-Oeste,2016,2016,1643,Pessoas de 25 anos ou mais de idade,4,Homens,11627,Sem instrução e fundamental incompleto ou equivalente
2,Grande Região,1572,Mil pessoas,650,5,Centro-Oeste,2016,2016,1643,Pessoas de 25 anos ou mais de idade,4,Homens,48134,Fundamental completo e médio incompleto ou equivalente
2,Grande Região,1572,Mil pessoas,1312,5,Centro-Oeste,2016,2016,1643,Pessoas de 25 anos ou mais de idade,4,Homens,48135,Médio completo ou equivalente e superior incompleto
2,Grande Região,1572,Mil pessoas,678,5,Centro-Oeste,2016,2016,1643,Pessoas de 25 anos ou mais de idade,4,Homens,99713,Superior completo
2,Grande Região,1572,Mil pessoas,4781,5,Centro-Oeste,2016,2016,1643,Pessoas de 25 anos ou mais de idade,5,Mulheres,120704,Total
2,Grande Região,1572,Mil pessoas,1731,5,Centro-Oeste,2016,2016,1643,Pessoas de 25 anos ou mais de idade,5,Mulheres,11627,Sem instrução e fundamental incompleto ou equivalente
2,Grande Região,1572,Mil pessoas,636,5,Centro-Oeste,2016,2016,1643,Pessoas de 25 anos ou mais de idade,5,Mulheres,48134,Fundamental completo e médio incompleto ou equivalente
2,Grande Região,1572,Mil pessoas,1473,5,Centro-Oeste,2016,2016,1643,Pessoas de 25 anos ou mais de idade,5,Mulheres,48135,Médio completo ou equivalente e superior incompleto
2,Grande Região,1572,Mil pessoas,940,5,Centro-Oeste,2016,2016,1643,Pessoas de 25 anos ou mais de idade,5,Mulheres,99713,Superior completo
2,Grande Região,2,%,0.5,5,Centro-Oeste,2016,2016,10269,Coeficiente de variação - Pessoas de 25 anos ou mais de idade,6794,Total,120704,Total
2,Grande Região,2,%,1.4,5,Centro-Oeste,2016,2016,10269,Coeficiente de variação - Pessoas de 25 anos ou mais de idade,6794,Total,11627,Sem instrução e fundamental incompleto ou equivalente
2,Grande Região,2,%,1.8,5,Centro-Oeste,2016,2016,10269,Coeficiente de variação - Pessoas de 25 anos ou mais de idade,6794,Total,48134,Fundamental completo e médio incompleto ou equivalente
2,Grande Região,2,%,1.4,5,Centro-Oeste,2016,2016,10269,Coeficiente de variação - Pessoas de 25 anos ou mais de idade,6794,Total,48135,Médio completo ou equivalente e superior incompleto
2,Grande Região,2,%,3.4,5,Centro-Oeste,2016,2016,10269,Coeficiente de variação - Pessoas de 25 anos ou mais de idade,6794,Total,99713,Superior completo
2,Grande Região,2,%,0.7,5,Centro-Oeste,2016,2016,10269,Coeficiente de variação - Pessoas de 25 anos ou mais de idade,4,Homens,120704,Total
2,Grande Região,2,%,1.6,5,Centro-Oeste,2016,2016,10269,Coeficiente de variação - Pessoas de 25 anos ou mais de idade,4,Homens,11627,Sem instrução e fundamental incompleto ou equivalente
2,Grande Região,2,%,2.6,5,Centro-Oeste,2016,2016,10269,Coeficiente de variação - Pessoas de 25 anos ou mais de idade,4,Homens,48134,Fundamental completo e médio incompleto ou equivalente
2,Grande Região,2,%,1.7,5,Centro-Oeste,2016,2016,10269,Coeficiente de variação - Pessoas de 25 anos ou mais de idade,4,Homens,48135,Médio completo ou equivalente e superior incompleto
2,Grande Região,2,%,3.9,5,Centro-Oeste,2016,2016,10269,Coeficiente de variação - Pessoas de 25 anos ou mais de idade,4,Homens,99713,Superior completo
2,Grande Região,2,%,0.7,5,Centro-Oeste,2016,2016,10269,Coeficiente de variação - Pessoas de 25 anos ou mais de idade,5,Mulheres,120704,Total
2,Grande Região,2,%,1.5,5,Centro-Oeste,2016,2016,10269,Coeficiente de variação - Pessoas de 25 anos ou mais de idade,5,Mulheres,11627,Sem instrução e fundamental incompleto ou equivalente
2,Grande Região,2,%,2.2,5,Centro-Oeste,2016,2016,10269,Coeficiente de variação - Pessoas de 25 anos ou mais de idade,5,Mulheres,48134,Fundamental completo e médio incompleto ou equivalente
2,Grande Região,2,%,1.6,5,Centro-Oeste,2016,2016,10269,Coeficiente de variação - Pessoas de 25 anos ou mais de idade,5,Mulheres,48135,Médio completo ou equivalente e superior incompleto
2,Grande Região,2,%,3.3,5,Centro-Oeste,2016,2016,10269,Coeficiente de variação - Pessoas de 25 anos ou mais de idade,5,Mulheres,99713,Superior completo
2,Grande Região,2,%,100,5,Centro-Oeste,2016,2016,10270,Distribuição percentual das pessoas de 25 anos ou mais de idade,6794,Total,120704,Total
2,Grande Região,2,%,38.7,5,Centro-Oeste,2016,2016,10270,Distribuição percentual das pessoas de 25 anos ou mais de idade,6794,Total,11627,Sem instrução e fundamental incompleto ou equivalente
2,Grande Região,2,%,13.9,5,Centro-Oeste,2016,2016,10270,Distribuição percentual das pessoas de 25 anos ou mais de idade,6794,Total,48134,Fundamental completo e médio incompleto ou equivalente
2,Grande Região,2,%,30,5,Centro-Oeste,2016,2016,10270,Distribuição percentual das pessoas de 25 anos ou mais de idade,6794,Total,48135,Médio completo ou equivalente e superior incompleto
2,Grande Região,2,%,17.4,5,Centro-Oeste,2016,2016,10270,Distribuição percentual das pessoas de 25 anos ou mais de idade,6794,Total,99713,Superior completo
2,Grande Região,2,%,100,5,Centro-Oeste,2016,2016,10270,Distribuição percentual das pessoas de 25 anos ou mais de idade,4,Homens,120704,Total
2,Grande Região,2,%,41.4,5,Centro-Oeste,2016,2016,10270,Distribuição percentual das pessoas de 25 anos ou mais de idade,4,Homens,11627,Sem instrução e fundamental incompleto ou equivalente
2,Grande Região,2,%,14.4,5,Centro-Oeste,2016,2016,10270,Distribuição percentual das pessoas de 25 anos ou mais de idade,4,Homens,48134,Fundamental completo e médio incompleto ou equivalente
2,Grande Região,2,%,29.1,5,Centro-Oeste,2016,2016,10270,Distribuição percentual das pessoas de 25 anos ou mais de idade,4,Homens,48135,Médio completo ou equivalente e superior incompleto
2,Grande Região,2,%,15.1,5,Centro-Oeste,2016,2016,10270,Distribuição percentual das pessoas de 25 anos ou mais de idade,4,Homens,99713,Superior completo
2,Grande Região,2,%,100,5,Centro-Oeste,2016,2016,10270,Distribuição percentual das pessoas de 25 anos ou mais de idade,5,Mulheres,120704,Total
2,Grande Região,2,%,36.2,5,Centro-Oeste,2016,2016,10270,Distribuição percentual das pessoas de 25 anos ou mais de idade,5,Mulheres,11627,Sem instrução e fundamental incompleto ou equivalente
2,Grande Região,2,%,13.3,5,Centro-Oeste,2016,2016,10270,Distribuição percentual das pessoas de 25 anos ou mais de idade,5,Mulheres,48134,Fundamental completo e médio incompleto ou equivalente
2,Grande Região,2,%,30.8,5,Centro-Oeste,2016,2016,10270,Distribuição percentual das pessoas de 25 anos ou mais de idade,5,Mulheres,48135,Médio completo ou equivalente e superior incompleto
2,Grande Região,2,%,19.7,5,Centro-Oeste,2016,2016,10270,Distribuição percentual das pessoas de 25 anos ou mais de idade,5,Mulheres,99713,Superior completo
2,Grande Região,2,%,,5,Centro-Oeste,2016,2016,10271,Coeficiente de variação - Distribuição percentual das pessoas de 25 anos ou mais de idade,6794,Total,120704,Total
2,Grande Região,2,%,1.4,5,Centro-Oeste,2016,2016,10271,Coeficiente de variação - Distribuição percentual das pessoas de 25 anos ou mais de idade,6794,Total,11627,Sem instrução e fundamental incompleto ou equivalente
2,Grande Região,2,%,1.8,5,Centro-Oeste,2016,2016,10271,Coeficiente de variação - Distribuição percentual das pessoas de 25 anos ou mais de idade,6794,Total,48134,Fundamental completo e médio incompleto ou equivalente
2,Grande Região,2,%,1.3,5,Centro-Oeste,2016,2016,10271,Coeficiente de variação - Distribuição percentual das pessoas de 25 anos ou mais de idade,6794,Total,48135,Médio completo ou equivalente e superior incompleto
2,Grande Região,2,%,3.2,5,Centro-Oeste,2016,2016,10271,Coeficiente de variação - Distribuição percentual das pessoas de 25 anos ou mais de idade,6794,Total,99713,Superior completo
2,Grande Região,2,%,,5,Centro-Oeste,2016,2016,10271,Coeficiente de variação - Distribuição percentual das pessoas de 25 anos ou mais de idade,4,Homens,120704,Total
2,Grande Região,2,%,1.5,5,Centro-Oeste,2016,2016,10271,Coeficiente de variação - Distribuição percentual das pessoas de 25 anos ou mais de idade,4,Homens,11627,Sem instrução e fundamental incompleto ou equivalente
2,Grande Região,2,%,2.4,5,Centro-Oeste,2016,2016,10271,Coeficiente de variação - Distribuição percentual das pessoas de 25 anos ou mais de idade,4,Homens,48134,Fundamental completo e médio incompleto ou equivalente
2,Grande Região,2,%,1.7,5,Centro-Oeste,2016,2016,10271,Coeficiente de variação - Distribuição percentual das pessoas de 25 anos ou mais de idade,4,Homens,48135,Médio completo ou equivalente e superior incompleto
2,Grande Região,2,%,3.8,5,Centro-Oeste,2016,2016,10271,Coeficiente de variação - Distribuição percentual das pessoas de 25 anos ou mais de idade,4,Homens,99713,Superior completo
2,Grande Região,2,%,,5,Centro-Oeste,2016,2016,10271,Coeficiente de variação - Distribuição percentual das pessoas de 25 anos ou mais de idade,5,Mulheres,120704,Total
2,Grande Região,2,%,1.5,5,Centro-Oeste,2016,2016,10271,Coeficiente de variação - Distribuição percentual das pessoas de 25 anos ou mais de idade,5,Mulheres,11627,Sem instrução e fundamental incompleto ou equivalente
2,Grande Região,2,%,2.2,5,Centro-Oeste,2016,2016,10271,Coeficiente de variação - Distribuição percentual das pessoas de 25 anos ou mais de idade,5,Mulheres,48134,Fundamental completo e médio incompleto ou equivalente
2,Grande Região,2,%,1.5,5,Centro-Oeste,2016,2016,10271,Coeficiente de variação - Distribuição percentual das pessoas de 25 anos ou mais de idade,5,Mulheres,48135,Médio completo ou equivalente e superior incompleto
2,Grande Região,2,%,3.1,5,Centro-Oeste,2016,2016,10271,Coeficiente de variação - Distribuição percentual das pessoas de 25 anos ou mais de idade,5,Mulheres,99713,Superior completo
2,Grande Região,1572,Mil pessoas,9536,5,Centro-Oeste,2017,2017,1643,Pessoas de 25 anos ou mais de idade,6794,Total,120704,Total
2,Grande Região,1572,Mil pessoas,3654,5,Centro-Oeste,2017,2017,1643,Pessoas de 25 anos ou mais de idade,6794,Total,11627,Sem instrução e fundamental incompleto ou equivalente
2,Grande Região,1572,Mil pessoas,1254,5,Centro-Oeste,2017,2017,1643,Pessoas de 25 anos ou mais de idade,6794,Total,48134,Fundamental completo e médio incompleto ou equivalente
2,Grande Região,1572,Mil pessoas,2835,5,Centro-Oeste,2017,2017,1643,Pessoas de 25 anos ou mais de idade,6794,Total,48135,Médio completo ou equivalente e superior incompleto
2,Grande Região,1572,Mil pessoas,1792,5,Centro-Oeste,2017,2017,1643,Pessoas de 25 anos ou mais de idade,6794,Total,99713,Superior completo
2,Grande Região,1572,Mil pessoas,4603,5,Centro-Oeste,2017,2017,1643,Pessoas de 25 anos ou mais de idade,4,Homens,120704,Total
2,Grande Região,1572,Mil pessoas,1905,5,Centro-Oeste,2017,2017,1643,Pessoas de 25 anos ou mais de idade,4,Homens,11627,Sem instrução e fundamental incompleto ou equivalente
2,Grande Região,1572,Mil pessoas,628,5,Centro-Oeste,2017,2017,1643,Pessoas de 25 anos ou mais de idade,4,Homens,48134,Fundamental completo e médio incompleto ou equivalente
2,Grande Região,1572,Mil pessoas,1332,5,Centro-Oeste,2017,2017,1643,Pessoas de 25 anos ou mais de idade,4,Homens,48135,Médio completo ou equivalente e superior incompleto
2,Grande Região,1572,Mil pessoas,738,5,Centro-Oeste,2017,2017,1643,Pessoas de 25 anos ou mais de idade,4,Homens,99713,Superior completo
2,Grande Região,1572,Mil pessoas,4934,5,Centro-Oeste,2017,2017,1643,Pessoas de 25 anos ou mais de idade,5,Mulheres,120704,Total
2,Grande Região,1572,Mil pessoas,1750,5,Centro-Oeste,2017,2017,1643,Pessoas de 25 anos ou mais de idade,5,Mulheres,11627,Sem instrução e fundamental incompleto ou equivalente
2,Grande Região,1572,Mil pessoas,626,5,Centro-Oeste,2017,2017,1643,Pessoas de 25 anos ou mais de idade,5,Mulheres,48134,Fundamental completo e médio incompleto ou equivalente
2,Grande Região,1572,Mil pessoas,1504,5,Centro-Oeste,2017,2017,1643,Pessoas de 25 anos ou mais de idade,5,Mulheres,48135,Médio completo ou equivalente e superior incompleto
2,Grande Região,1572,Mil pessoas,1054,5,Centro-Oeste,2017,2017,1643,Pessoas de 25 anos ou mais de idade,5,Mulheres,99713,Superior completo
2,Grande Região,2,%,0.5,5,Centro-Oeste,2017,2017,10269,Coeficiente de variação - Pessoas de 25 anos ou mais de idade,6794,Total,120704,Total
2,Grande Região,2,%,1.3,5,Centro-Oeste,2017,2017,10269,Coeficiente de variação - Pessoas de 25 anos ou mais de idade,6794,Total,11627,Sem instrução e fundamental incompleto ou equivalente
2,Grande Região,2,%,1.9,5,Centro-Oeste,2017,2017,10269,Coeficiente de variação - Pessoas de 25 anos ou mais de idade,6794,Total,48134,Fundamental completo e médio incompleto ou equivalente
2,Grande Região,2,%,1.4,5,Centro-Oeste,2017,2017,10269,Coeficiente de variação - Pessoas de 25 anos ou mais de idade,6794,Total,48135,Médio completo ou equivalente e superior incompleto
2,Grande Região,2,%,3,5,Centro-Oeste,2017,2017,10269,Coeficiente de variação - Pessoas de 25 anos ou mais de idade,6794,Total,99713,Superior completo
2,Grande Região,2,%,0.7,5,Centro-Oeste,2017,2017,10269,Coeficiente de variação - Pessoas de 25 anos ou mais de idade,4,Homens,120704,Total
2,Grande Região,2,%,1.5,5,Centro-Oeste,2017,2017,10269,Coeficiente de variação - Pessoas de 25 anos ou mais de idade,4,Homens,11627,Sem instrução e fundamental incompleto ou equivalente
2,Grande Região,2,%,2.5,5,Centro-Oeste,2017,2017,10269,Coeficiente de variação - Pessoas de 25 anos ou mais de idade,4,Homens,48134,Fundamental completo e médio incompleto ou equivalente
2,Grande Região,2,%,1.8,5,Centro-Oeste,2017,2017,10269,Coeficiente de variação - Pessoas de 25 anos ou mais de idade,4,Homens,48135,Médio completo ou equivalente e superior incompleto
2,Grande Região,2,%,3.4,5,Centro-Oeste,2017,2017,10269,Coeficiente de variação - Pessoas de 25 anos ou mais de idade,4,Homens,99713,Superior completo
2,Grande Região,2,%,0.6,5,Centro-Oeste,2017,2017,10269,Coeficiente de variação - Pessoas de 25 anos ou mais de idade,5,Mulheres,120704,Total
2,Grande Região,2,%,1.4,5,Centro-Oeste,2017,2017,10269,Coeficiente de variação - Pessoas de 25 anos ou mais de idade,5,Mulheres,11627,Sem instrução e fundamental incompleto ou equivalente
2,Grande Região,2,%,2.3,5,Centro-Oeste,2017,2017,10269,Coeficiente de variação - Pessoas de 25 anos ou mais de idade,5,Mulheres,48134,Fundamental completo e médio incompleto ou equivalente
2,Grande Região,2,%,1.7,5,Centro-Oeste,2017,2017,10269,Coeficiente de variação - Pessoas de 25 anos ou mais de idade,5,Mulheres,48135,Médio completo ou equivalente e superior incompleto
2,Grande Região,2,%,3.2,5,Centro-Oeste,2017,2017,10269,Coeficiente de variação - Pessoas de 25 anos ou mais de idade,5,Mulheres,99713,Superior completo
2,Grande Região,2,%,100,5,Centro-Oeste,2017,2017,10270,Distribuição percentual das pessoas de 25 anos ou mais de idade,6794,Total,120704,Total
2,Grande Região,2,%,38.3,5,Centro-Oeste,2017,2017,10270,Distribuição percentual das pessoas de 25 anos ou mais de idade,6794,Total,11627,Sem instrução e fundamental incompleto ou equivalente
2,Grande Região,2,%,13.1,5,Centro-Oeste,2017,2017,10270,Distribuição percentual das pessoas de 25 anos ou mais de idade,6794,Total,48134,Fundamental completo e médio incompleto ou equivalente
2,Grande Região,2,%,29.7,5,Centro-Oeste,2017,2017,10270,Distribuição percentual das pessoas de 25 anos ou mais de idade,6794,Total,48135,Médio completo ou equivalente e superior incompleto
2,Grande Região,2,%,18.8,5,Centro-Oeste,2017,2017,10270,Distribuição percentual das pessoas de 25 anos ou mais de idade,6794,Total,99713,Superior completo
2,Grande Região,2,%,100,5,Centro-Oeste,2017,2017,10270,Distribuição percentual das pessoas de 25 anos ou mais de idade,4,Homens,120704,Total
2,Grande Região,2,%,41.4,5,Centro-Oeste,2017,2017,10270,Distribuição percentual das pessoas de 25 anos ou mais de idade,4,Homens,11627,Sem instrução e fundamental incompleto ou equivalente
2,Grande Região,2,%,13.6,5,Centro-Oeste,2017,2017,10270,Distribuição percentual das pessoas de 25 anos ou mais de idade,4,Homens,48134,Fundamental completo e médio incompleto ou equivalente
2,Grande Região,2,%,28.9,5,Centro-Oeste,2017,2017,10270,Distribuição percentual das pessoas de 25 anos ou mais de idade,4,Homens,48135,Médio completo ou equivalente e superior incompleto
2,Grande Região,2,%,16,5,Centro-Oeste,2017,2017,10270,Distribuição percentual das pessoas de 25 anos ou mais de idade,4,Homens,99713,Superior completo
2,Grande Região,2,%,100,5,Centro-Oeste,2017,2017,10270,Distribuição percentual das pessoas de 25 anos ou mais de idade,5,Mulheres,120704,Total
2,Grande Região,2,%,35.5,5,Centro-Oeste,2017,2017,10270,Distribuição percentual das pessoas de 25 anos ou mais de idade,5,Mulheres,11627,Sem instrução e fundamental incompleto ou equivalente
2,Grande Região,2,%,12.7,5,Centro-Oeste,2017,2017,10270,Distribuição percentual das pessoas de 25 anos ou mais de idade,5,Mulheres,48134,Fundamental completo e médio incompleto ou equivalente
2,Grande Região,2,%,30.5,5,Centro-Oeste,2017,2017,10270,Distribuição percentual das pessoas de 25 anos ou mais de idade,5,Mulheres,48135,Médio completo ou equivalente e superior incompleto
2,Grande Região,2,%,21.4,5,Centro-Oeste,2017,2017,10270,Distribuição percentual das pessoas de 25 anos ou mais de idade,5,Mulheres,99713,Superior completo
2,Grande Região,2,%,,5,Centro-Oeste,2017,2017,10271,Coeficiente de variação - Distribuição percentual das pessoas de 25 anos ou mais de idade,6794,Total,120704,Total
2,Grande Região,2,%,1.3,5,Centro-Oeste,2017,2017,10271,Coeficiente de variação - Distribuição percentual das pessoas de 25 anos ou mais de idade,6794,Total,11627,Sem instrução e fundamental incompleto ou equivalente
2,Grande Região,2,%,2,5,Centro-Oeste,2017,2017,10271,Coeficiente de variação - Distribuição percentual das pessoas de 25 anos ou mais de idade,6794,Total,48134,Fundamental completo e médio incompleto ou equivalente
2,Grande Região,2,%,1.3,5,Centro-Oeste,2017,2017,10271,Coeficiente de variação - Distribuição percentual das pessoas de 25 anos ou mais de idade,6794,Total,48135,Médio completo ou equivalente e superior incompleto
2,Grande Região,2,%,2.8,5,Centro-Oeste,2017,2017,10271,Coeficiente de variação - Distribuição percentual das pessoas de 25 anos ou mais de idade,6794,Total,99713,Superior completo
2,Grande Região,2,%,,5,Centro-Oeste,2017,2017,10271,Coeficiente de variação - Distribuição percentual das pessoas de 25 anos ou mais de idade,4,Homens,120704,Total
2,Grande Região,2,%,1.5,5,Centro-Oeste,2017,2017,10271,Coeficiente de variação - Distribuição percentual das pessoas de 25 anos ou mais de idade,4,Homens,11627,Sem instrução e fundamental incompleto ou equivalente
2,Grande Região,2,%,2.4,5,Centro-Oeste,2017,2017,10271,Coeficiente de variação - Distribuição percentual das pessoas de 25 anos ou mais de idade,4,Homens,48134,Fundamental completo e médio incompleto ou equivalente
2,Grande Região,2,%,1.7,5,Centro-Oeste,2017,2017,10271,Coeficiente de variação - Distribuição percentual das pessoas de 25 anos ou mais de idade,4,Homens,48135,Médio completo ou equivalente e superior incompleto
2,Grande Região,2,%,3.3,5,Centro-Oeste,2017,2017,10271,Coeficiente de variação - Distribuição percentual das pessoas de 25 anos ou mais de idade,4,Homens,99713,Superior completo
2,Grande Região,2,%,,5,Centro-Oeste,2017,2017,10271,Coeficiente de variação - Distribuição percentual das pessoas de 25 anos ou mais de idade,5,Mulheres,120704,Total
2,Grande Região,2,%,1.4,5,Centro-Oeste,2017,2017,10271,Coeficiente de variação - Distribuição percentual das pessoas de 25 anos ou mais de idade,5,Mulheres,11627,Sem instrução e fundamental incompleto ou equivalente
2,Grande Região,2,%,2.4,5,Centro-Oeste,2017,2017,10271,Coeficiente de variação - Distribuição percentual das pessoas de 25 anos ou mais de idade,5,Mulheres,48134,Fundamental completo e médio incompleto ou equivalente
2,Grande Região,2,%,1.6,5,Centro-Oeste,2017,2017,10271,Coeficiente de variação - Distribuição percentual das pessoas de 25 anos ou mais de idade,5,Mulheres,48135,Médio completo ou equivalente e superior incompleto
2,Grande Região,2,%,2.9,5,Centro-Oeste,2017,2017,10271,Coeficiente de variação - Distribuição percentual das pessoas de 25 anos ou mais de idade,5,Mulheres,99713,Superior completo
2,Grande Região,1572,Mil pessoas,9715,5,Centro-Oeste,2018,2018,1643,Pessoas de 25 anos ou mais de idade,6794,Total,120704,Total
2,Grande Região,1572,Mil pessoas,3615,5,Centro-Oeste,2018,2018,1643,Pessoas de 25 anos ou mais de idade,6794,Total,11627,Sem instrução e fundamental incompleto ou equivalente
2,Grande Região,1572,Mil pessoas,1277,5,Centro-Oeste,2018,2018,1643,Pessoas de 25 anos ou mais de idade,6794,Total,48134,Fundamental completo e médio incompleto ou equivalente
2,Grande Região,1572,Mil pessoas,2941,5,Centro-Oeste,2018,2018,1643,Pessoas de 25 anos ou mais de idade,6794,Total,48135,Médio completo ou equivalente e superior incompleto
2,Grande Região,1572,Mil pessoas,1881,5,Centro-Oeste,2018,2018,1643,Pessoas de 25 anos ou mais de idade,6794,Total,99713,Superior completo
2,Grande Região,1572,Mil pessoas,4694,5,Centro-Oeste,2018,2018,1643,Pessoas de 25 anos ou mais de idade,4,Homens,120704,Total
2,Grande Região,1572,Mil pessoas,1881,5,Centro-Oeste,2018,2018,1643,Pessoas de 25 anos ou mais de idade,4,Homens,11627,Sem instrução e fundamental incompleto ou equivalente
2,Grande Região,1572,Mil pessoas,660,5,Centro-Oeste,2018,2018,1643,Pessoas de 25 anos ou mais de idade,4,Homens,48134,Fundamental completo e médio incompleto ou equivalente
2,Grande Região,1572,Mil pessoas,1366,5,Centro-Oeste,2018,2018,1643,Pessoas de 25 anos ou mais de idade,4,Homens,48135,Médio completo ou equivalente e superior incompleto
2,Grande Região,1572,Mil pessoas,786,5,Centro-Oeste,2018,2018,1643,Pessoas de 25 anos ou mais de idade,4,Homens,99713,Superior completo
2,Grande Região,1572,Mil pessoas,5022,5,Centro-Oeste,2018,2018,1643,Pessoas de 25 anos ou mais de idade,5,Mulheres,120704,Total
2,Grande Região,1572,Mil pessoas,1734,5,Centro-Oeste,2018,2018,1643,Pessoas de 25 anos ou mais de idade,5,Mulheres,11627,Sem instrução e fundamental incompleto ou equivalente
2,Grande Região,1572,Mil pessoas,617,5,Centro-Oeste,2018,2018,1643,Pessoas de 25 anos ou mais de idade,5,Mulheres,48134,Fundamental completo e médio incompleto ou equivalente
2,Grande Região,1572,Mil pessoas,1575,5,Centro-Oeste,2018,2018,1643,Pessoas de 25 anos ou mais de idade,5,Mulheres,48135,Médio completo ou equivalente e superior incompleto
2,Grande Região,1572,Mil pessoas,1095,5,Centro-Oeste,2018,2018,1643,Pessoas de 25 anos ou mais de idade,5,Mulheres,99713,Superior completo
2,Grande Região,2,%,0.5,5,Centro-Oeste,2018,2018,10269,Coeficiente de variação - Pessoas de 25 anos ou mais de idade,6794,Total,120704,Total
2,Grande Região,2,%,1.3,5,Centro-Oeste,2018,2018,10269,Coeficiente de variação - Pessoas de 25 anos ou mais de idade,6794,Total,11627,Sem instrução e fundamental incompleto ou equivalente
2,Grande Região,2,%,2,5,Centro-Oeste,2018,2018,10269,Coeficiente de variação - Pessoas de 25 anos ou mais de idade,6794,Total,48134,Fundamental completo e médio incompleto ou equivalente
2,Grande Região,2,%,1.3,5,Centro-Oeste,2018,2018,10269,Coeficiente de variação - Pessoas de 25 anos ou mais de idade,6794,Total,48135,Médio completo ou equivalente e superior incompleto
2,Grande Região,2,%,3,5,Centro-Oeste,2018,2018,10269,Coeficiente de variação - Pessoas de 25 anos ou mais de idade,6794,Total,99713,Superior completo
2,Grande Região,2,%,0.6,5,Centro-Oeste,2018,2018,10269,Coeficiente de variação - Pessoas de 25 anos ou mais de idade,4,Homens,120704,Total
2,Grande Região,2,%,1.5,5,Centro-Oeste,2018,2018,10269,Coeficiente de variação - Pessoas de 25 anos ou mais de idade,4,Homens,11627,Sem instrução e fundamental incompleto ou equivalente
2,Grande Região,2,%,2.5,5,Centro-Oeste,2018,2018,10269,Coeficiente de variação - Pessoas de 25 anos ou mais de idade,4,Homens,48134,Fundamental completo e médio incompleto ou equivalente
2,Grande Região,2,%,1.8,5,Centro-Oeste,2018,2018,10269,Coeficiente de variação - Pessoas de 25 anos ou mais de idade,4,Homens,48135,Médio completo ou equivalente e superior incompleto
2,Grande Região,2,%,3.5,5,Centro-Oeste,2018,2018,10269,Coeficiente de variação - Pessoas de 25 anos ou mais de idade,4,Homens,99713,Superior completo
2,Grande Região,2,%,0.6,5,Centro-Oeste,2018,2018,10269,Coeficiente de variação - Pessoas de 25 anos ou mais de idade,5,Mulheres,120704,Total
2,Grande Região,2,%,1.5,5,Centro-Oeste,2018,2018,10269,Coeficiente de variação - Pessoas de 25 anos ou mais de idade,5,Mulheres,11627,Sem instrução e fundamental incompleto ou equivalente
2,Grande Região,2,%,2.4,5,Centro-Oeste,2018,2018,10269,Coeficiente de variação - Pessoas de 25 anos ou mais de idade,5,Mulheres,48134,Fundamental completo e médio incompleto ou equivalente
2,Grande Região,2,%,1.5,5,Centro-Oeste,2018,2018,10269,Coeficiente de variação - Pessoas de 25 anos ou mais de idade,5,Mulheres,48135,Médio completo ou equivalente e superior incompleto
2,Grande Região,2,%,3,5,Centro-Oeste,2018,2018,10269,Coeficiente de variação - Pessoas de 25 anos ou mais de idade,5,Mulheres,99713,Superior completo
2,Grande Região,2,%,100,5,Centro-Oeste,2018,2018,10270,Distribuição percentual das pessoas de 25 anos ou mais de idade,6794,Total,120704,Total
2,Grande Região,2,%,37.2,5,Centro-Oeste,2018,2018,10270,Distribuição percentual das pessoas de 25 anos ou mais de idade,6794,Total,11627,Sem instrução e fundamental incompleto ou equivalente
2,Grande Região,2,%,13.1,5,Centro-Oeste,2018,2018,10270,Distribuição percentual das pessoas de 25 anos ou mais de idade,6794,Total,48134,Fundamental completo e médio incompleto ou equivalente
2,Grande Região,2,%,30.3,5,Centro-Oeste,2018,2018,10270,Distribuição percentual das pessoas de 25 anos ou mais de idade,6794,Total,48135,Médio completo ou equivalente e superior incompleto
2,Grande Região,2,%,19.4,5,Centro-Oeste,2018,2018,10270,Distribuição percentual das pessoas de 25 anos ou mais de idade,6794,Total,99713,Superior completo
2,Grande Região,2,%,100,5,Centro-Oeste,2018,2018,10270,Distribuição percentual das pessoas de 25 anos ou mais de idade,4,Homens,120704,Total
2,Grande Região,2,%,40.1,5,Centro-Oeste,2018,2018,10270,Distribuição percentual das pessoas de 25 anos ou mais de idade,4,Homens,11627,Sem instrução e fundamental incompleto ou equivalente
2,Grande Região,2,%,14.1,5,Centro-Oeste,2018,2018,10270,Distribuição percentual das pessoas de 25 anos ou mais de idade,4,Homens,48134,Fundamental completo e médio incompleto ou equivalente
2,Grande Região,2,%,29.1,5,Centro-Oeste,2018,2018,10270,Distribuição percentual das pessoas de 25 anos ou mais de idade,4,Homens,48135,Médio completo ou equivalente e superior incompleto
2,Grande Região,2,%,16.7,5,Centro-Oeste,2018,2018,10270,Distribuição percentual das pessoas de 25 anos ou mais de idade,4,Homens,99713,Superior completo
2,Grande Região,2,%,100,5,Centro-Oeste,2018,2018,10270,Distribuição percentual das pessoas de 25 anos ou mais de idade,5,Mulheres,120704,Total
2,Grande Região,2,%,34.5,5,Centro-Oeste,2018,2018,10270,Distribuição percentual das pessoas de 25 anos ou mais de idade,5,Mulheres,11627,Sem instrução e fundamental incompleto ou equivalente
2,Grande Região,2,%,12.3,5,Centro-Oeste,2018,2018,10270,Distribuição percentual das pessoas de 25 anos ou mais de idade,5,Mulheres,48134,Fundamental completo e médio incompleto ou equivalente
2,Grande Região,2,%,31.4,5,Centro-Oeste,2018,2018,10270,Distribuição percentual das pessoas de 25 anos ou mais de idade,5,Mulheres,48135,Médio completo ou equivalente e superior incompleto
2,Grande Região,2,%,21.8,5,Centro-Oeste,2018,2018,10270,Distribuição percentual das pessoas de 25 anos ou mais de idade,5,Mulheres,99713,Superior completo
2,Grande Região,2,%,,5,Centro-Oeste,2018,2018,10271,Coeficiente de variação - Distribuição percentual das pessoas de 25 anos ou mais de idade,6794,Total,120704,Total
2,Grande Região,2,%,1.3,5,Centro-Oeste,2018,2018,10271,Coeficiente de variação - Distribuição percentual das pessoas de 25 anos ou mais de idade,6794,Total,11627,Sem instrução e fundamental incompleto ou equivalente
2,Grande Região,2,%,2.1,5,Centro-Oeste,2018,2018,10271,Coeficiente de variação - Distribuição percentual das pessoas de 25 anos ou mais de idade,6794,Total,48134,Fundamental completo e médio incompleto ou equivalente
2,Grande Região,2,%,1.2,5,Centro-Oeste,2018,2018,10271,Coeficiente de variação - Distribuição percentual das pessoas de 25 anos ou mais de idade,6794,Total,48135,Médio completo ou equivalente e superior incompleto
2,Grande Região,2,%,2.8,5,Centro-Oeste,2018,2018,10271,Coeficiente de variação - Distribuição percentual das pessoas de 25 anos ou mais de idade,6794,Total,99713,Superior completo
2,Grande Região,2,%,,5,Centro-Oeste,2018,2018,10271,Coeficiente de variação - Distribuição percentual das pessoas de 25 anos ou mais de idade,4,Homens,120704,Total
2,Grande Região,2,%,1.4,5,Centro-Oeste,2018,2018,10271,Coeficiente de variação - Distribuição percentual das pessoas de 25 anos ou mais de idade,4,Homens,11627,Sem instrução e fundamental incompleto ou equivalente
2,Grande Região,2,%,2.5,5,Centro-Oeste,2018,2018,10271,Coeficiente de variação - Distribuição percentual das pessoas de 25 anos ou mais de idade,4,Homens,48134,Fundamental completo e médio incompleto ou equivalente
2,Grande Região,2,%,1.6,5,Centro-Oeste,2018,2018,10271,Coeficiente de variação - Distribuição percentual das pessoas de 25 anos ou mais de idade,4,Homens,48135,Médio completo ou equivalente e superior incompleto
2,Grande Região,2,%,3.4,5,Centro-Oeste,2018,2018,10271,Coeficiente de variação - Distribuição percentual das pessoas de 25 anos ou mais de idade,4,Homens,99713,Superior completo
2,Grande Região,2,%,,5,Centro-Oeste,2018,2018,10271,Coeficiente de variação - Distribuição percentual das pessoas de 25 anos ou mais de idade,5,Mulheres,120704,Total
2,Grande Região,2,%,1.5,5,Centro-Oeste,2018,2018,10271,Coeficiente de variação - Distribuição percentual das pessoas de 25 anos ou mais de idade,5,Mulheres,11627,Sem instrução e fundamental incompleto ou equivalente
2,Grande Região,2,%,2.4,5,Centro-Oeste,2018,2018,10271,Coeficiente de variação - Distribuição percentual das pessoas de 25 anos ou mais de idade,5,Mulheres,48134,Fundamental completo e médio incompleto ou equivalente
2,Grande Região,2,%,1.4,5,Centro-Oeste,2018,2018,10271,Coeficiente de variação - Distribuição percentual das pessoas de 25 anos ou mais de idade,5,Mulheres,48135,Médio completo ou equivalente e superior incompleto
2,Grande Região,2,%,2.8,5,Centro-Oeste,2018,2018,10271,Coeficiente de variação - Distribuição percentual das pessoas de 25 anos ou mais de idade,5,Mulheres,99713,Superior completo
2,Grande Região,1572,Mil pessoas,9854,5,Centro-Oeste,2019,2019,1643,Pessoas de 25 anos ou mais de idade,6794,Total,120704,Total
2,Grande Região,1572,Mil pessoas,3497,5,Centro-Oeste,2019,2019,1643,Pessoas de 25 anos ou mais de idade,6794,Total,11627,Sem instrução e fundamental incompleto ou equivalente
2,Grande Região,1572,Mil pessoas,1253,5,Centro-Oeste,2019,2019,1643,Pessoas de 25 anos ou mais de idade,6794,Total,48134,Fundamental completo e médio incompleto ou equivalente
2,Grande Região,1572,Mil pessoas,3102,5,Centro-Oeste,2019,2019,1643,Pessoas de 25 anos ou mais de idade,6794,Total,48135,Médio completo ou equivalente e superior incompleto
2,Grande Região,1572,Mil pessoas,2002,5,Centro-Oeste,2019,2019,1643,Pessoas de 25 anos ou mais de idade,6794,Total,99713,Superior completo
2,Grande Região,1572,Mil pessoas,4737,5,Centro-Oeste,2019,2019,1643,Pessoas de 25 anos ou mais de idade,4,Homens,120704,Total
2,Grande Região,1572,Mil pessoas,1802,5,Centro-Oeste,2019,2019,1643,Pessoas de 25 anos ou mais de idade,4,Homens,11627,Sem instrução e fundamental incompleto ou equivalente
2,Grande Região,1572,Mil pessoas,663,5,Centro-Oeste,2019,2019,1643,Pessoas de 25 anos ou mais de idade,4,Homens,48134,Fundamental completo e médio incompleto ou equivalente
2,Grande Região,1572,Mil pessoas,1441,5,Centro-Oeste,2019,2019,1643,Pessoas de 25 anos ou mais de idade,4,Homens,48135,Médio completo ou equivalente e superior incompleto
2,Grande Região,1572,Mil pessoas,831,5,Centro-Oeste,2019,2019,1643,Pessoas de 25 anos ou mais de idade,4,Homens,99713,Superior completo
2,Grande Região,1572,Mil pessoas,5117,5,Centro-Oeste,2019,2019,1643,Pessoas de 25 anos ou mais de idade,5,Mulheres,120704,Total
2,Grande Região,1572,Mil pessoas,1695,5,Centro-Oeste,2019,2019,1643,Pessoas de 25 anos ou mais de idade,5,Mulheres,11627,Sem instrução e fundamental incompleto ou equivalente
2,Grande Região,1572,Mil pessoas,590,5,Centro-Oeste,2019,2019,1643,Pessoas de 25 anos ou mais de idade,5,Mulheres,48134,Fundamental completo e médio incompleto ou equivalente
2,Grande Região,1572,Mil pessoas,1660,5,Centro-Oeste,2019,2019,1643,Pessoas de 25 anos ou mais de idade,5,Mulheres,48135,Médio completo ou equivalente e superior incompleto
2,Grande Região,1572,Mil pessoas,1171,5,Centro-Oeste,2019,2019,1643,Pessoas de 25 anos ou mais de idade,5,Mulheres,99713,Superior completo
2,Grande Região,2,%,0.5,5,Centro-Oeste,2019,2019,10269,Coeficiente de variação - Pessoas de 25 anos ou mais de idade,6794,Total,120704,Total
2,Grande Região,2,%,1.4,5,Centro-Oeste,2019,2019,10269,Coeficiente de variação - Pessoas de 25 anos ou mais de idade,6794,Total,11627,Sem instrução e fundamental incompleto ou equivalente
2,Grande Região,2,%,2.1,5,Centro-Oeste,2019,2019,10269,Coeficiente de variação - Pessoas de 25 anos ou mais de idade,6794,Total,48134,Fundamental completo e médio incompleto ou equivalente
2,Grande Região,2,%,1.2,5,Centro-Oeste,2019,2019,10269,Coeficiente de variação - Pessoas de 25 anos ou mais de idade,6794,Total,48135,Médio completo ou equivalente e superior incompleto
2,Grande Região,2,%,2.8,5,Centro-Oeste,2019,2019,10269,Coeficiente de variação - Pessoas de 25 anos ou mais de idade,6794,Total,99713,Superior completo
2,Grande Região,2,%,0.6,5,Centro-Oeste,2019,2019,10269,Coeficiente de variação - Pessoas de 25 anos ou mais de idade,4,Homens,120704,Total
2,Grande Região,2,%,1.6,5,Centro-Oeste,2019,2019,10269,Coeficiente de variação - Pessoas de 25 anos ou mais de idade,4,Homens,11627,Sem instrução e fundamental incompleto ou equivalente
2,Grande Região,2,%,2.6,5,Centro-Oeste,2019,2019,10269,Coeficiente de variação - Pessoas de 25 anos ou mais de idade,4,Homens,48134,Fundamental completo e médio incompleto ou equivalente
2,Grande Região,2,%,1.7,5,Centro-Oeste,2019,2019,10269,Coeficiente de variação - Pessoas de 25 anos ou mais de idade,4,Homens,48135,Médio completo ou equivalente e superior incompleto
2,Grande Região,2,%,3,5,Centro-Oeste,2019,2019,10269,Coeficiente de variação - Pessoas de 25 anos ou mais de idade,4,Homens,99713,Superior completo
2,Grande Região,2,%,0.6,5,Centro-Oeste,2019,2019,10269,Coeficiente de variação - Pessoas de 25 anos ou mais de idade,5,Mulheres,120704,Total
2,Grande Região,2,%,1.7,5,Centro-Oeste,2019,2019,10269,Coeficiente de variação - Pessoas de 25 anos ou mais de idade,5,Mulheres,11627,Sem instrução e fundamental incompleto ou equivalente
2,Grande Região,2,%,2.5,5,Centro-Oeste,2019,2019,10269,Coeficiente de variação - Pessoas de 25 anos ou mais de idade,5,Mulheres,48134,Fundamental completo e médio incompleto ou equivalente
2,Grande Região,2,%,1.5,5,Centro-Oeste,2019,2019,10269,Coeficiente de variação - Pessoas de 25 anos ou mais de idade,5,Mulheres,48135,Médio completo ou equivalente e superior incompleto
2,Grande Região,2,%,3,5,Centro-Oeste,2019,2019,10269,Coeficiente de variação - Pessoas de 25 anos ou mais de idade,5,Mulheres,99713,Superior completo
2,Grande Região,2,%,100,5,Centro-Oeste,2019,2019,10270,Distribuição percentual das pessoas de 25 anos ou mais de idade,6794,Total,120704,Total
2,Grande Região,2,%,35.5,5,Centro-Oeste,2019,2019,10270,Distribuição percentual das pessoas de 25 anos ou mais de idade,6794,Total,11627,Sem instrução e fundamental incompleto ou equivalente
2,Grande Região,2,%,12.7,5,Centro-Oeste,2019,2019,10270,Distribuição percentual das pessoas de 25 anos ou mais de idade,6794,Total,48134,Fundamental completo e médio incompleto ou equivalente
2,Grande Região,2,%,31.5,5,Centro-Oeste,2019,2019,10270,Distribuição percentual das pessoas de 25 anos ou mais de idade,6794,Total,48135,Médio completo ou equivalente e superior incompleto
2,Grande Região,2,%,20.3,5,Centro-Oeste,2019,2019,10270,Distribuição percentual das pessoas de 25 anos ou mais de idade,6794,Total,99713,Superior completo
2,Grande Região,2,%,100,5,Centro-Oeste,2019,2019,10270,Distribuição percentual das pessoas de 25 anos ou mais de idade,4,Homens,120704,Total
2,Grande Região,2,%,38,5,Centro-Oeste,2019,2019,10270,Distribuição percentual das pessoas de 25 anos ou mais de idade,4,Homens,11627,Sem instrução e fundamental incompleto ou equivalente
2,Grande Região,2,%,14,5,Centro-Oeste,2019,2019,10270,Distribuição percentual das pessoas de 25 anos ou mais de idade,4,Homens,48134,Fundamental completo e médio incompleto ou equivalente
2,Grande Região,2,%,30.4,5,Centro-Oeste,2019,2019,10270,Distribuição percentual das pessoas de 25 anos ou mais de idade,4,Homens,48135,Médio completo ou equivalente e superior incompleto
2,Grande Região,2,%,17.5,5,Centro-Oeste,2019,2019,10270,Distribuição percentual das pessoas de 25 anos ou mais de idade,4,Homens,99713,Superior completo
2,Grande Região,2,%,100,5,Centro-Oeste,2019,2019,10270,Distribuição percentual das pessoas de 25 anos ou mais de idade,5,Mulheres,120704,Total
2,Grande Região,2,%,33.1,5,Centro-Oeste,2019,2019,10270,Distribuição percentual das pessoas de 25 anos ou mais de idade,5,Mulheres,11627,Sem instrução e fundamental incompleto ou equivalente
2,Grande Região,2,%,11.5,5,Centro-Oeste,2019,2019,10270,Distribuição percentual das pessoas de 25 anos ou mais de idade,5,Mulheres,48134,Fundamental completo e médio incompleto ou equivalente
2,Grande Região,2,%,32.5,5,Centro-Oeste,2019,2019,10270,Distribuição percentual das pessoas de 25 anos ou mais de idade,5,Mulheres,48135,Médio completo ou equivalente e superior incompleto
2,Grande Região,2,%,22.9,5,Centro-Oeste,2019,2019,10270,Distribuição percentual das pessoas de 25 anos ou mais de idade,5,Mulheres,99713,Superior completo
2,Grande Região,2,%,,5,Centro-Oeste,2019,2019,10271,Coeficiente de variação - Distribuição percentual das pessoas de 25 anos ou mais de idade,6794,Total,120704,Total
2,Grande Região,2,%,1.4,5,Centro-Oeste,2019,2019,10271,Coeficiente de variação - Distribuição percentual das pessoas de 25 anos ou mais de idade,6794,Total,11627,Sem instrução e fundamental incompleto ou equivalente
2,Grande Região,2,%,2.2,5,Centro-Oeste,2019,2019,10271,Coeficiente de variação - Distribuição percentual das pessoas de 25 anos ou mais de idade,6794,Total,48134,Fundamental completo e médio incompleto ou equivalente
2,Grande Região,2,%,1.1,5,Centro-Oeste,2019,2019,10271,Coeficiente de variação - Distribuição percentual das pessoas de 25 anos ou mais de idade,6794,Total,48135,Médio completo ou equivalente e superior incompleto
2,Grande Região,2,%,2.6,5,Centro-Oeste,2019,2019,10271,Coeficiente de variação - Distribuição percentual das pessoas de 25 anos ou mais de idade,6794,Total,99713,Superior completo
2,Grande Região,2,%,,5,Centro-Oeste,2019,2019,10271,Coeficiente de variação - Distribuição percentual das pessoas de 25 anos ou mais de idade,4,Homens,120704,Total
2,Grande Região,2,%,1.6,5,Centro-Oeste,2019,2019,10271,Coeficiente de variação - Distribuição percentual das pessoas de 25 anos ou mais de idade,4,Homens,11627,Sem instrução e fundamental incompleto ou equivalente
2,Grande Região,2,%,2.6,5,Centro-Oeste,2019,2019,10271,Coeficiente de variação - Distribuição percentual das pessoas de 25 anos ou mais de idade,4,Homens,48134,Fundamental completo e médio incompleto ou equivalente
2,Grande Região,2,%,1.5,5,Centro-Oeste,2019,2019,10271,Coeficiente de variação - Distribuição percentual das pessoas de 25 anos ou mais de idade,4,Homens,48135,Médio completo ou equivalente e superior incompleto
2,Grande Região,2,%,2.9,5,Centro-Oeste,2019,2019,10271,Coeficiente de variação - Distribuição percentual das pessoas de 25 anos ou mais de idade,4,Homens,99713,Superior completo
2,Grande Região,2,%,,5,Centro-Oeste,2019,2019,10271,Coeficiente de variação - Distribuição percentual das pessoas de 25 anos ou mais de idade,5,Mulheres,120704,Total
2,Grande Região,2,%,1.6,5,Centro-Oeste,2019,2019,10271,Coeficiente de variação - Distribuição percentual das pessoas de 25 anos ou mais de idade,5,Mulheres,11627,Sem instrução e fundamental incompleto ou equivalente
2,Grande Região,2,%,2.6,5,Centro-Oeste,2019,2019,10271,Coeficiente de variação - Distribuição percentual das pessoas de 25 anos ou mais de idade,5,Mulheres,48134,Fundamental completo e médio incompleto ou equivalente
2,Grande Região,2,%,1.4,5,Centro-Oeste,2019,2019,10271,Coeficiente de variação - Distribuição percentual das pessoas de 25 anos ou mais de idade,5,Mulheres,48135,Médio completo ou equivalente e superior incompleto
2,Grande Região,2,%,2.8,5,Centro-Oeste,2019,2019,10271,Coeficiente de variação - Distribuição percentual das pessoas de 25 anos ou mais de idade,5,Mulheres,99713,Superior completo
2,Grande Região,1572,Mil pessoas,10346,5,Centro-Oeste,2022,2022,1643,Pessoas de 25 anos ou mais de idade,6794,Total,120704,Total
2,Grande Região,1572,Mil pessoas,3300,5,Centro-Oeste,2022,2022,1643,Pessoas de 25 anos ou mais de idade,6794,Total,11627,Sem instrução e fundamental incompleto ou equivalente
2,Grande Região,1572,Mil pessoas,1347,5,Centro-Oeste,2022,2022,1643,Pessoas de 25 anos ou mais de idade,6794,Total,48134,Fundamental completo e médio incompleto ou equivalente
2,Grande Região,1572,Mil pessoas,3436,5,Centro-Oeste,2022,2022,1643,Pessoas de 25 anos ou mais de idade,6794,Total,48135,Médio completo ou equivalente e superior incompleto
2,Grande Região,1572,Mil pessoas,2263,5,Centro-Oeste,2022,2022,1643,Pessoas de 25 anos ou mais de idade,6794,Total,99713,Superior completo
2,Grande Região,1572,Mil pessoas,5017,5,Centro-Oeste,2022,2022,1643,Pessoas de 25 anos ou mais de idade,4,Homens,120704,Total
2,Grande Região,1572,Mil pessoas,1729,5,Centro-Oeste,2022,2022,1643,Pessoas de 25 anos ou mais de idade,4,Homens,11627,Sem instrução e fundamental incompleto ou equivalente
2,Grande Região,1572,Mil pessoas,704,5,Centro-Oeste,2022,2022,1643,Pessoas de 25 anos ou mais de idade,4,Homens,48134,Fundamental completo e médio incompleto ou equivalente
2,Grande Região,1572,Mil pessoas,1647,5,Centro-Oeste,2022,2022,1643,Pessoas de 25 anos ou mais de idade,4,Homens,48135,Médio completo ou equivalente e superior incompleto
2,Grande Região,1572,Mil pessoas,937,5,Centro-Oeste,2022,2022,1643,Pessoas de 25 anos ou mais de idade,4,Homens,99713,Superior completo
2,Grande Região,1572,Mil pessoas,5329,5,Centro-Oeste,2022,2022,1643,Pessoas de 25 anos ou mais de idade,5,Mulheres,120704,Total
2,Grande Região,1572,Mil pessoas,1571,5,Centro-Oeste,2022,2022,1643,Pessoas de 25 anos ou mais de idade,5,Mulheres,11627,Sem instrução e fundamental incompleto ou equivalente
2,Grande Região,1572,Mil pessoas,643,5,Centro-Oeste,2022,2022,1643,Pessoas de 25 anos ou mais de idade,5,Mulheres,48134,Fundamental completo e médio incompleto ou equivalente
2,Grande Região,1572,Mil pessoas,1789,5,Centro-Oeste,2022,2022,1643,Pessoas de 25 anos ou mais de idade,5,Mulheres,48135,Médio completo ou equivalente e superior incompleto
2,Grande Região,1572,Mil pessoas,1326,5,Centro-Oeste,2022,2022,1643,Pessoas de 25 anos ou mais de idade,5,Mulheres,99713,Superior completo
2,Grande Região,2,%,0.4,5,Centro-Oeste,2022,2022,10269,Coeficiente de variação - Pessoas de 25 anos ou mais de idade,6794,Total,120704,Total
2,Grande Região,2,%,1.6,5,Centro-Oeste,2022,2022,10269,Coeficiente de variação - Pessoas de 25 anos ou mais de idade,6794,Total,11627,Sem instrução e fundamental incompleto ou equivalente
2,Grande Região,2,%,2,5,Centro-Oeste,2022,2022,10269,Coeficiente de variação - Pessoas de 25 anos ou mais de idade,6794,Total,48134,Fundamental completo e médio incompleto ou equivalente
2,Grande Região,2,%,1.3,5,Centro-Oeste,2022,2022,10269,Coeficiente de variação - Pessoas de 25 anos ou mais de idade,6794,Total,48135,Médio completo ou equivalente e superior incompleto
2,Grande Região,2,%,2.6,5,Centro-Oeste,2022,2022,10269,Coeficiente de variação - Pessoas de 25 anos ou mais de idade,6794,Total,99713,Superior completo
2,Grande Região,2,%,0.7,5,Centro-Oeste,2022,2022,10269,Coeficiente de variação - Pessoas de 25 anos ou mais de idade,4,Homens,120704,Total
2,Grande Região,2,%,1.9,5,Centro-Oeste,2022,2022,10269,Coeficiente de variação - Pessoas de 25 anos ou mais de idade,4,Homens,11627,Sem instrução e fundamental incompleto ou equivalente
2,Grande Região,2,%,2.8,5,Centro-Oeste,2022,2022,10269,Coeficiente de variação - Pessoas de 25 anos ou mais de idade,4,Homens,48134,Fundamental completo e médio incompleto ou equivalente
2,Grande Região,2,%,1.7,5,Centro-Oeste,2022,2022,10269,Coeficiente de variação - Pessoas de 25 anos ou mais de idade,4,Homens,48135,Médio completo ou equivalente e superior incompleto
2,Grande Região,2,%,3.2,5,Centro-Oeste,2022,2022,10269,Coeficiente de variação - Pessoas de 25 anos ou mais de idade,4,Homens,99713,Superior completo
2,Grande Região,2,%,0.5,5,Centro-Oeste,2022,2022,10269,Coeficiente de variação - Pessoas de 25 anos ou mais de idade,5,Mulheres,120704,Total
2,Grande Região,2,%,1.8,5,Centro-Oeste,2022,2022,10269,Coeficiente de variação - Pessoas de 25 anos ou mais de idade,5,Mulheres,11627,Sem instrução e fundamental incompleto ou equivalente
2,Grande Região,2,%,2.7,5,Centro-Oeste,2022,2022,10269,Coeficiente de variação - Pessoas de 25 anos ou mais de idade,5,Mulheres,48134,Fundamental completo e médio incompleto ou equivalente
2,Grande Região,2,%,1.5,5,Centro-Oeste,2022,2022,10269,Coeficiente de variação - Pessoas de 25 anos ou mais de idade,5,Mulheres,48135,Médio completo ou equivalente e superior incompleto
2,Grande Região,2,%,2.6,5,Centro-Oeste,2022,2022,10269,Coeficiente de variação - Pessoas de 25 anos ou mais de idade,5,Mulheres,99713,Superior completo
2,Grande Região,2,%,100,5,Centro-Oeste,2022,2022,10270,Distribuição percentual das pessoas de 25 anos ou mais de idade,6794,Total,120704,Total
2,Grande Região,2,%,31.9,5,Centro-Oeste,2022,2022,10270,Distribuição percentual das pessoas de 25 anos ou mais de idade,6794,Total,11627,Sem instrução e fundamental incompleto ou equivalente
2,Grande Região,2,%,13,5,Centro-Oeste,2022,2022,10270,Distribuição percentual das pessoas de 25 anos ou mais de idade,6794,Total,48134,Fundamental completo e médio incompleto ou equivalente
2,Grande Região,2,%,33.2,5,Centro-Oeste,2022,2022,10270,Distribuição percentual das pessoas de 25 anos ou mais de idade,6794,Total,48135,Médio completo ou equivalente e superior incompleto
2,Grande Região,2,%,21.9,5,Centro-Oeste,2022,2022,10270,Distribuição percentual das pessoas de 25 anos ou mais de idade,6794,Total,99713,Superior completo
2,Grande Região,2,%,100,5,Centro-Oeste,2022,2022,10270,Distribuição percentual das pessoas de 25 anos ou mais de idade,4,Homens,120704,Total
2,Grande Região,2,%,34.5,5,Centro-Oeste,2022,2022,10270,Distribuição percentual das pessoas de 25 anos ou mais de idade,4,Homens,11627,Sem instrução e fundamental incompleto ou equivalente
2,Grande Região,2,%,14,5,Centro-Oeste,2022,2022,10270,Distribuição percentual das pessoas de 25 anos ou mais de idade,4,Homens,48134,Fundamental completo e médio incompleto ou equivalente
2,Grande Região,2,%,32.8,5,Centro-Oeste,2022,2022,10270,Distribuição percentual das pessoas de 25 anos ou mais de idade,4,Homens,48135,Médio completo ou equivalente e superior incompleto
2,Grande Região,2,%,18.7,5,Centro-Oeste,2022,2022,10270,Distribuição percentual das pessoas de 25 anos ou mais de idade,4,Homens,99713,Superior completo
2,Grande Região,2,%,100,5,Centro-Oeste,2022,2022,10270,Distribuição percentual das pessoas de 25 anos ou mais de idade,5,Mulheres,120704,Total
2,Grande Região,2,%,29.5,5,Centro-Oeste,2022,2022,10270,Distribuição percentual das pessoas de 25 anos ou mais de idade,5,Mulheres,11627,Sem instrução e fundamental incompleto ou equivalente
2,Grande Região,2,%,12.1,5,Centro-Oeste,2022,2022,10270,Distribuição percentual das pessoas de 25 anos ou mais de idade,5,Mulheres,48134,Fundamental completo e médio incompleto ou equivalente
2,Grande Região,2,%,33.6,5,Centro-Oeste,2022,2022,10270,Distribuição percentual das pessoas de 25 anos ou mais de idade,5,Mulheres,48135,Médio completo ou equivalente e superior incompleto
2,Grande Região,2,%,24.9,5,Centro-Oeste,2022,2022,10270,Distribuição percentual das pessoas de 25 anos ou mais de idade,5,Mulheres,99713,Superior completo
2,Grande Região,2,%,,5,Centro-Oeste,2022,2022,10271,Coeficiente de variação - Distribuição percentual das pessoas de 25 anos ou mais de idade,6794,Total,120704,Total
2,Grande Região,2,%,1.6,5,Centro-Oeste,2022,2022,10271,Coeficiente de variação - Distribuição percentual das pessoas de 25 anos ou mais de idade,6794,Total,11627,Sem instrução e fundamental incompleto ou equivalente
2,Grande Região,2,%,2.1,5,Centro-Oeste,2022,2022,10271,Coeficiente de variação - Distribuição percentual das pessoas de 25 anos ou mais de idade,6794,Total,48134,Fundamental completo e médio incompleto ou equivalente
2,Grande Região,2,%,1.2,5,Centro-Oeste,2022,2022,10271,Coeficiente de variação - Distribuição percentual das pessoas de 25 anos ou mais de idade,6794,Total,48135,Médio completo ou equivalente e superior incompleto
2,Grande Região,2,%,2.4,5,Centro-Oeste,2022,2022,10271,Coeficiente de variação - Distribuição percentual das pessoas de 25 anos ou mais de idade,6794,Total,99713,Superior completo
2,Grande Região,2,%,,5,Centro-Oeste,2022,2022,10271,Coeficiente de variação - Distribuição percentual das pessoas de 25 anos ou mais de idade,4,Homens,120704,Total
2,Grande Região,2,%,1.8,5,Centro-Oeste,2022,2022,10271,Coeficiente de variação - Distribuição percentual das pessoas de 25 anos ou mais de idade,4,Homens,11627,Sem instrução e fundamental incompleto ou equivalente
2,Grande Região,2,%,2.7,5,Centro-Oeste,2022,2022,10271,Coeficiente de variação - Distribuição percentual das pessoas de 25 anos ou mais de idade,4,Homens,48134,Fundamental completo e médio incompleto ou equivalente
2,Grande Região,2,%,1.7,5,Centro-Oeste,2022,2022,10271,Coeficiente de variação - Distribuição percentual das pessoas de 25 anos ou mais de idade,4,Homens,48135,Médio completo ou equivalente e superior incompleto
2,Grande Região,2,%,3,5,Centro-Oeste,2022,2022,10271,Coeficiente de variação - Distribuição percentual das pessoas de 25 anos ou mais de idade,4,Homens,99713,Superior completo
2,Grande Região,2,%,,5,Centro-Oeste,2022,2022,10271,Coeficiente de variação - Distribuição percentual das pessoas de 25 anos ou mais de idade,5,Mulheres,120704,Total
2,Grande Região,2,%,1.7,5,Centro-Oeste,2022,2022,10271,Coeficiente de variação - Distribuição percentual das pessoas de 25 anos ou mais de idade,5,Mulheres,11627,Sem instrução e fundamental incompleto ou equivalente
2,Grande Região,2,%,2.8,5,Centro-Oeste,2022,2022,10271,Coeficiente de variação - Distribuição percentual das pessoas de 25 anos ou mais de idade,5,Mulheres,48134,Fundamental completo e médio incompleto ou equivalente
2,Grande Região,2,%,1.4,5,Centro-Oeste,2022,2022,10271,Coeficiente de variação - Distribuição percentual das pessoas de 25 anos ou mais de idade,5,Mulheres,48135,Médio completo ou equivalente e superior incompleto
2,Grande Região,2,%,2.4,5,Centro-Oeste,2022,2022,10271,Coeficiente de variação - Distribuição percentual das pessoas de 25 anos ou mais de idade,5,Mulheres,99713,Superior completo
2,Grande Região,1572,Mil pessoas,10637,5,Centro-Oeste,2023,2023,1643,Pessoas de 25 anos ou mais de idade,6794,Total,120704,Total
2,Grande Região,1572,Mil pessoas,3174,5,Centro-Oeste,2023,2023,1643,Pessoas de 25 anos ou mais de idade,6794,Total,11627,Sem instrução e fundamental incompleto ou equivalente
2,Grande Região,1572,Mil pessoas,1336,5,Centro-Oeste,2023,2023,1643,Pessoas de 25 anos ou mais de idade,6794,Total,48134,Fundamental completo e médio incompleto ou equivalente
2,Grande Região,1572,Mil pessoas,3583,5,Centro-Oeste,2023,2023,1643,Pessoas de 25 anos ou mais de idade,6794,Total,48135,Médio completo ou equivalente e superior incompleto
2,Grande Região,1572,Mil pessoas,2544,5,Centro-Oeste,2023,2023,1643,Pessoas de 25 anos ou mais de idade,6794,Total,99713,Superior completo
2,Grande Região,1572,Mil pessoas,5159,5,Centro-Oeste,2023,2023,1643,Pessoas de 25 anos ou mais de idade,4,Homens,120704,Total
2,Grande Região,1572,Mil pessoas,1647,5,Centro-Oeste,2023,2023,1643,Pessoas de 25 anos ou mais de idade,4,Homens,11627,Sem instrução e fundamental incompleto ou equivalente
2,Grande Região,1572,Mil pessoas,679,5,Centro-Oeste,2023,2023,1643,Pessoas de 25 anos ou mais de idade,4,Homens,48134,Fundamental completo e médio incompleto ou equivalente
2,Grande Região,1572,Mil pessoas,1752,5,Centro-Oeste,2023,2023,1643,Pessoas de 25 anos ou mais de idade,4,Homens,48135,Médio completo ou equivalente e superior incompleto
2,Grande Região,1572,Mil pessoas,1081,5,Centro-Oeste,2023,2023,1643,Pessoas de 25 anos ou mais de idade,4,Homens,99713,Superior completo
2,Grande Região,1572,Mil pessoas,5478,5,Centro-Oeste,2023,2023,1643,Pessoas de 25 anos ou mais de idade,5,Mulheres,120704,Total
2,Grande Região,1572,Mil pessoas,1527,5,Centro-Oeste,2023,2023,1643,Pessoas de 25 anos ou mais de idade,5,Mulheres,11627,Sem instrução e fundamental incompleto ou equivalente
2,Grande Região,1572,Mil pessoas,657,5,Centro-Oeste,2023,2023,1643,Pessoas de 25 anos ou mais de idade,5,Mulheres,48134,Fundamental completo e médio incompleto ou equivalente
2,Grande Região,1572,Mil pessoas,1831,5,Centro-Oeste,2023,2023,1643,Pessoas de 25 anos ou mais de idade,5,Mulheres,48135,Médio completo ou equivalente e superior incompleto
2,Grande Região,1572,Mil pessoas,1463,5,Centro-Oeste,2023,2023,1643,Pessoas de 25 anos ou mais de idade,5,Mulheres,99713,Superior completo
2,Grande Região,2,%,0.5,5,Centro-Oeste,2023,2023,10269,Coeficiente de variação - Pessoas de 25 anos ou mais de idade,6794,Total,120704,Total
2,Grande Região,2,%,1.8,5,Centro-Oeste,2023,2023,10269,Coeficiente de variação - Pessoas de 25 anos ou mais de idade,6794,Total,11627,Sem instrução e fundamental incompleto ou equivalente
2,Grande Região,2,%,2.1,5,Centro-Oeste,2023,2023,10269,Coeficiente de variação - Pessoas de 25 anos ou mais de idade,6794,Total,48134,Fundamental completo e médio incompleto ou equivalente
2,Grande Região,2,%,1.4,5,Centro-Oeste,2023,2023,10269,Coeficiente de variação - Pessoas de 25 anos ou mais de idade,6794,Total,48135,Médio completo ou equivalente e superior incompleto
2,Grande Região,2,%,2.2,5,Centro-Oeste,2023,2023,10269,Coeficiente de variação - Pessoas de 25 anos ou mais de idade,6794,Total,99713,Superior completo
2,Grande Região,2,%,0.7,5,Centro-Oeste,2023,2023,10269,Coeficiente de variação - Pessoas de 25 anos ou mais de idade,4,Homens,120704,Total
2,Grande Região,2,%,2.1,5,Centro-Oeste,2023,2023,10269,Coeficiente de variação - Pessoas de 25 anos ou mais de idade,4,Homens,11627,Sem instrução e fundamental incompleto ou equivalente
2,Grande Região,2,%,2.6,5,Centro-Oeste,2023,2023,10269,Coeficiente de variação - Pessoas de 25 anos ou mais de idade,4,Homens,48134,Fundamental completo e médio incompleto ou equivalente
2,Grande Região,2,%,1.9,5,Centro-Oeste,2023,2023,10269,Coeficiente de variação - Pessoas de 25 anos ou mais de idade,4,Homens,48135,Médio completo ou equivalente e superior incompleto
2,Grande Região,2,%,3,5,Centro-Oeste,2023,2023,10269,Coeficiente de variação - Pessoas de 25 anos ou mais de idade,4,Homens,99713,Superior completo
2,Grande Região,2,%,0.6,5,Centro-Oeste,2023,2023,10269,Coeficiente de variação - Pessoas de 25 anos ou mais de idade,5,Mulheres,120704,Total
2,Grande Região,2,%,2.1,5,Centro-Oeste,2023,2023,10269,Coeficiente de variação - Pessoas de 25 anos ou mais de idade,5,Mulheres,11627,Sem instrução e fundamental incompleto ou equivalente
2,Grande Região,2,%,2.9,5,Centro-Oeste,2023,2023,10269,Coeficiente de variação - Pessoas de 25 anos ou mais de idade,5,Mulheres,48134,Fundamental completo e médio incompleto ou equivalente
2,Grande Região,2,%,1.6,5,Centro-Oeste,2023,2023,10269,Coeficiente de variação - Pessoas de 25 anos ou mais de idade,5,Mulheres,48135,Médio completo ou equivalente e superior incompleto
2,Grande Região,2,%,2.1,5,Centro-Oeste,2023,2023,10269,Coeficiente de variação - Pessoas de 25 anos ou mais de idade,5,Mulheres,99713,Superior completo
2,Grande Região,2,%,100,5,Centro-Oeste,2023,2023,10270,Distribuição percentual das pessoas de 25 anos ou mais de idade,6794,Total,120704,Total
2,Grande Região,2,%,29.8,5,Centro-Oeste,2023,2023,10270,Distribuição percentual das pessoas de 25 anos ou mais de idade,6794,Total,11627,Sem instrução e fundamental incompleto ou equivalente
2,Grande Região,2,%,12.6,5,Centro-Oeste,2023,2023,10270,Distribuição percentual das pessoas de 25 anos ou mais de idade,6794,Total,48134,Fundamental completo e médio incompleto ou equivalente
2,Grande Região,2,%,33.7,5,Centro-Oeste,2023,2023,10270,Distribuição percentual das pessoas de 25 anos ou mais de idade,6794,Total,48135,Médio completo ou equivalente e superior incompleto
2,Grande Região,2,%,23.9,5,Centro-Oeste,2023,2023,10270,Distribuição percentual das pessoas de 25 anos ou mais de idade,6794,Total,99713,Superior completo
2,Grande Região,2,%,100,5,Centro-Oeste,2023,2023,10270,Distribuição percentual das pessoas de 25 anos ou mais de idade,4,Homens,120704,Total
2,Grande Região,2,%,31.9,5,Centro-Oeste,2023,2023,10270,Distribuição percentual das pessoas de 25 anos ou mais de idade,4,Homens,11627,Sem instrução e fundamental incompleto ou equivalente
2,Grande Região,2,%,13.2,5,Centro-Oeste,2023,2023,10270,Distribuição percentual das pessoas de 25 anos ou mais de idade,4,Homens,48134,Fundamental completo e médio incompleto ou equivalente
2,Grande Região,2,%,34,5,Centro-Oeste,2023,2023,10270,Distribuição percentual das pessoas de 25 anos ou mais de idade,4,Homens,48135,Médio completo ou equivalente e superior incompleto
2,Grande Região,2,%,21,5,Centro-Oeste,2023,2023,10270,Distribuição percentual das pessoas de 25 anos ou mais de idade,4,Homens,99713,Superior completo
2,Grande Região,2,%,100,5,Centro-Oeste,2023,2023,10270,Distribuição percentual das pessoas de 25 anos ou mais de idade,5,Mulheres,120704,Total
2,Grande Região,2,%,27.9,5,Centro-Oeste,2023,2023,10270,Distribuição percentual das pessoas de 25 anos ou mais de idade,5,Mulheres,11627,Sem instrução e fundamental incompleto ou equivalente
2,Grande Região,2,%,12,5,Centro-Oeste,2023,2023,10270,Distribuição percentual das pessoas de 25 anos ou mais de idade,5,Mulheres,48134,Fundamental completo e médio incompleto ou equivalente
2,Grande Região,2,%,33.4,5,Centro-Oeste,2023,2023,10270,Distribuição percentual das pessoas de 25 anos ou mais de idade,5,Mulheres,48135,Médio completo ou equivalente e superior incompleto
2,Grande Região,2,%,26.7,5,Centro-Oeste,2023,2023,10270,Distribuição percentual das pessoas de 25 anos ou mais de idade,5,Mulheres,99713,Superior completo
2,Grande Região,2,%,,5,Centro-Oeste,2023,2023,10271,Coeficiente de variação - Distribuição percentual das pessoas de 25 anos ou mais de idade,6794,Total,120704,Total
2,Grande Região,2,%,1.7,5,Centro-Oeste,2023,2023,10271,Coeficiente de variação - Distribuição percentual das pessoas de 25 anos ou mais de idade,6794,Total,11627,Sem instrução e fundamental incompleto ou equivalente
2,Grande Região,2,%,2.1,5,Centro-Oeste,2023,2023,10271,Coeficiente de variação - Distribuição percentual das pessoas de 25 anos ou mais de idade,6794,Total,48134,Fundamental completo e médio incompleto ou equivalente
2,Grande Região,2,%,1.3,5,Centro-Oeste,2023,2023,10271,Coeficiente de variação - Distribuição percentual das pessoas de 25 anos ou mais de idade,6794,Total,48135,Médio completo ou equivalente e superior incompleto
2,Grande Região,2,%,2.1,5,Centro-Oeste,2023,2023,10271,Coeficiente de variação - Distribuição percentual das pessoas de 25 anos ou mais de idade,6794,Total,99713,Superior completo
2,Grande Região,2,%,,5,Centro-Oeste,2023,2023,10271,Coeficiente de variação - Distribuição percentual das pessoas de 25 anos ou mais de idade,4,Homens,120704,Total
2,Grande Região,2,%,2,5,Centro-Oeste,2023,2023,10271,Coeficiente de variação - Distribuição percentual das pessoas de 25 anos ou mais de idade,4,Homens,11627,Sem instrução e fundamental incompleto ou equivalente
2,Grande Região,2,%,2.6,5,Centro-Oeste,2023,2023,10271,Coeficiente de variação - Distribuição percentual das pessoas de 25 anos ou mais de idade,4,Homens,48134,Fundamental completo e médio incompleto ou equivalente
2,Grande Região,2,%,1.7,5,Centro-Oeste,2023,2023,10271,Coeficiente de variação - Distribuição percentual das pessoas de 25 anos ou mais de idade,4,Homens,48135,Médio completo ou equivalente e superior incompleto
2,Grande Região,2,%,2.9,5,Centro-Oeste,2023,2023,10271,Coeficiente de variação - Distribuição percentual das pessoas de 25 anos ou mais de idade,4,Homens,99713,Superior completo
2,Grande Região,2,%,,5,Centro-Oeste,2023,2023,10271,Coeficiente de variação - Distribuição percentual das pessoas de 25 anos ou mais de idade,5,Mulheres,120704,Total
2,Grande Região,2,%,1.9,5,Centro-Oeste,2023,2023,10271,Coeficiente de variação - Distribuição percentual das pessoas de 25 anos ou mais de idade,5,Mulheres,11627,Sem instrução e fundamental incompleto ou equivalente
2,Grande Região,2,%,2.9,5,Centro-Oeste,2023,2023,10271,Coeficiente de variação - Distribuição percentual das pessoas de 25 anos ou mais de idade,5,Mulheres,48134,Fundamental completo e médio incompleto ou equivalente
2,Grande Região,2,%,1.5,5,Centro-Oeste,2023,2023,10271,Coeficiente de variação - Distribuição percentual das pessoas de 25 anos ou mais de idade,5,Mulheres,48135,Médio completo ou equivalente e superior incompleto
2,Grande Região,2,%,1.9,5,Centro-Oeste,2023,2023,10271,Coeficiente de variação - Distribuição percentual das pessoas de 25 anos ou mais de idade,5,Mulheres,99713,Superior completo
